frame,scene_risk
1,0.2881488800048828
2,0.2883300185203552
3,0.2889750003814697
4,0.30893683433532715
5,0.3187585771083832
6,0.3559556007385254
7,0.31760889291763306
8,0.31659239530563354
9,0.20749488472938538
10,0.2062995284795761
11,0.16489551961421967
12,0.1716756373643875
13,0.16390570998191833
14,0.15574911236763
15,0.22459279000759125
16,0.15576158463954926
17,0.13555574417114258
18,0.14704720675945282
19,0.10171955823898315
20,0.13314473628997803
21,0.13311773538589478
22,0.1319844126701355
23,0.09755928814411163
24,0.10518871247768402
25,0.20646999776363373
26,0.2234189510345459
27,0.15603503584861755
28,0.23751895129680634
29,0.2918977439403534
30,0.15518836677074432
31,0.1807750165462494
32,0.13253764808177948
33,0.16268956661224365
34,0.21898674964904785
35,0.13614895939826965
36,0.19006764888763428
37,0.27541086077690125
38,0.20513580739498138
39,0.20559236407279968
40,0.20493680238723755
41,0.24671801924705505
42,0.12302524596452713
43,0.2917012572288513
44,0.11768007278442383
45,0.13993947207927704
46,0.3483971059322357
47,0.3995687663555145
48,0.43386462330818176
49,0.43386465311050415
50,0.4533599615097046
51,0.46750473976135254
52,0.4687149226665497
53,0.32471078634262085
54,0.29551130533218384
55,0.19419696927070618
56,0.14388535916805267
57,0.07618647068738937
58,0.2675313651561737
59,0.17328408360481262
60,0.16679731011390686
61,0.21627838909626007
62,0.1447014957666397
63,0.10727536678314209
64,0.1230178028345108
65,0.13815954327583313
66,0.10227248817682266
67,0.0477738194167614
68,0.05720215290784836
69,0.2574170231819153
70,0.21874365210533142
71,0.37167027592658997
72,0.20422548055648804
73,0.2049151510000229
74,0.18574301898479462
75,0.2386566549539566
76,0.23889867961406708
77,0.1811981350183487
78,0.21713221073150635
79,0.18177089095115662
80,0.18982389569282532
81,0.14757849276065826
82,0.19350576400756836
83,0.15553100407123566
84,0.1202847808599472
85,0.4170122444629669
86,0.2159428745508194
87,0.20245467126369476
88,0.24793478846549988
89,0.1780792623758316
90,0.13849152624607086
91,0.20842131972312927
92,0.22606821358203888
93,0.15204590559005737
94,0.988524854183197
95,0.2250656634569168
96,0.2634253203868866
97,0.26389893889427185
98,0.2659348249435425
99,0.2948373854160309
100,0.26699310541152954
101,0.2951049208641052
102,0.33292871713638306
103,0.295082151889801
104,0.14109456539154053
105,0.37709519267082214
106,0.3866075277328491
107,0.34755370020866394
108,0.3585261106491089
109,0.35867464542388916
110,0.34887728095054626
111,0.34887728095054626
112,0.2556425631046295
113,0.2946740388870239
114,0.3810074031352997
115,0.29991021752357483
116,0.2704404294490814
117,0.27069148421287537
118,0.24508947134017944
119,0.3413175344467163
120,0.31127941608428955
121,0.3097189962863922
122,0.320650577545166
123,0.22125284373760223
124,0.22935354709625244
125,0.22087788581848145
126,0.30952632427215576
127,0.32726457715034485
128,0.3007717430591583
129,0.3309052884578705
130,0.24166728556156158
131,0.2130070924758911
132,0.23229718208312988
133,0.24897834658622742
134,0.24553214013576508
135,0.30438438057899475
136,0.3539658486843109
137,0.3730784058570862
138,0.3760514259338379
139,0.3993165194988251
140,0.39382877945899963
141,0.38495898246765137
142,0.38421809673309326
143,0.39455682039260864
144,0.3705334961414337
145,0.3771961033344269
146,0.2668269872665405
147,0.3619648218154907
148,0.2876109480857849
149,0.2954089939594269
150,0.29010170698165894
151,0.2242107391357422
152,0.27575451135635376
153,0.2945992052555084
154,0.4115898311138153
155,0.3525388240814209
156,0.41172537207603455
157,0.3608582019805908
158,0.3364242911338806
159,0.3622967600822449
160,0.3431392014026642
161,0.45316919684410095
162,0.27598869800567627
163,0.34424012899398804
164,0.34380191564559937
165,0.3528116047382355
166,0.3447306752204895
167,0.3691229820251465
168,0.3231666386127472
169,0.3770538866519928
170,0.372298002243042
171,0.36642777919769287
172,0.3183514475822449
173,0.32352176308631897
174,0.2694079577922821
175,0.2272658348083496
176,0.33305132389068604
177,0.22021447122097015
178,0.2022467404603958
179,0.1838439553976059
180,0.17027799785137177
181,0.17188125848770142
182,0.1508876383304596
183,0.16932624578475952
184,0.31645357608795166
185,0.11093263328075409
186,0.25377020239830017
187,0.21995839476585388
188,0.21290424466133118
189,0.21918170154094696
190,0.37073254585266113
191,0.11675404757261276
192,0.2681821584701538
193,0.22123868763446808
194,0.16849777102470398
195,0.18097417056560516
196,0.2132241129875183
197,0.2479054033756256
198,0.23711863160133362
199,0.18741078674793243
200,0.2422531396150589
201,0.20212389528751373
202,0.31841373443603516
203,0.3565399944782257
204,0.31052157282829285
205,0.3210001587867737
206,0.297902911901474
207,0.3353513479232788
208,0.3465399146080017
209,0.3685622215270996
210,0.3048960566520691
211,0.18990488350391388
212,0.2747005522251129
213,0.2592112123966217
214,0.24112948775291443
215,0.26320314407348633
216,0.27175000309944153
217,0.27227285504341125
218,0.2884676456451416
219,0.2934502959251404
220,0.26145172119140625
221,0.2629176378250122
222,0.2622842788696289
223,0.31868499517440796
224,0.2953595817089081
225,0.2646830379962921
226,0.23349125683307648
227,0.1925007551908493
228,0.22067396342754364
229,0.26496103405952454
230,0.25026342272758484
231,0.3574543297290802
232,0.40602269768714905
233,0.37653017044067383
234,0.36934351921081543
235,0.621465265750885
236,0.5291549563407898
237,0.5321387648582458
238,0.5342678427696228
239,0.3897067606449127
240,0.5328895449638367
241,0.6507703065872192
242,0.6509426832199097
243,0.6510436534881592
244,0.6510621309280396
245,0.4116589426994324
246,0.5369872450828552
247,0.5369872450828552
248,0.4069732427597046
249,0.385809987783432
250,0.29222315549850464
251,0.5487723350524902
252,0.16698481142520905
253,0.16698481142520905
254,0.16698481142520905
255,0.2304478883743286
256,0.2402995526790619
257,0.23832087218761444
258,0.20703350007534027
259,0.1940280944108963
260,0.17805393040180206
261,0.14350183308124542
262,0.12346884608268738
263,0.11018708348274231
264,0.20338384807109833
265,0.1986083686351776
266,0.3056042492389679
267,0.0
268,0.18015028536319733
269,0.1706342101097107
270,0.2863375246524811
271,0.28640592098236084
272,0.17221982777118683
273,0.2846316397190094
274,0.16686056554317474
275,0.1658594012260437
276,0.08991499245166779
277,0.19113823771476746
278,0.16280698776245117
279,0.23088739812374115
280,0.16081243753433228
281,0.147287979722023
282,0.22683753073215485
283,0.22319503128528595
284,0.27038493752479553
285,0.26844075322151184
286,0.2615545094013214
287,0.13474494218826294
288,0.1597868651151657
289,0.13314799964427948
290,0.13369426131248474
291,0.24269460141658783
292,0.12128590047359467
293,0.23525190353393555
294,0.22143995761871338
295,0.24345998466014862
296,0.24541448056697845
297,0.24541448056697845
298,0.24541448056697845
299,0.24541448056697845
300,0.20142671465873718
301,0.17522943019866943
302,0.20110423862934113
303,0.19993461668491364
304,0.19733458757400513
305,0.1941092610359192
306,0.18194890022277832
307,0.22554732859134674
308,0.22294899821281433
309,0.2670988440513611
310,0.13809248805046082
311,0.12130963057279587
312,0.4072350859642029
313,0.376642644405365
314,0.10182084888219833
315,0.18493564426898956
316,0.14973968267440796
317,0.13417570292949677
318,0.22489795088768005
319,0.21654364466667175
320,0.20759329199790955
321,0.19801634550094604
322,0.04435604810714722
323,0.035673994570970535
324,0.03567647188901901
325,0.0
326,0.0
327,0.0
328,0.0
329,0.0
330,0.0
331,0.035673994570970535
332,0.0
333,0.040899358689785004
334,0.04042179137468338
335,0.035673994570970535
336,0.0
337,0.0
338,0.0
339,0.035673994570970535
340,0.0
341,0.0
342,0.0
343,0.0
344,0.0
345,0.0
346,0.0
347,0.29975879192352295
348,0.1682623028755188
349,0.24558372795581818
350,0.23734335601329803
351,0.11120527237653732
352,0.24811327457427979
353,0.23010660707950592
354,0.21306246519088745
355,0.20080718398094177
356,0.19567812979221344
357,0.19186437129974365
358,0.1836649626493454
359,0.18107886612415314
360,0.17909441888332367
361,0.1777227222919464
362,0.17058487236499786
363,0.1703348159790039
364,0.1568852812051773
365,0.10167959332466125
366,0.1714807003736496
367,0.16188842058181763
368,0.1786704957485199
369,0.177873894572258
370,0.17650826275348663
371,0.17490814626216888
372,0.1729607880115509
373,0.16723346710205078
374,0.1878315657377243
375,0.1885385364294052
376,0.16715051233768463
377,0.16172485053539276
378,0.19564089179039001
379,0.19858908653259277
380,0.17877474427223206
381,0.1801559180021286
382,0.17920231819152832
383,0.17745879292488098
384,0.17474842071533203
385,0.18758997321128845
386,0.18209311366081238
387,0.1757659614086151
388,0.1505471169948578
389,0.13801178336143494
390,0.132949098944664
391,0.12842848896980286
392,0.12441685795783997
393,0.12097978591918945
394,0.11601947993040085
395,0.09001769870519638
396,0.09850241243839264
397,0.08920300006866455
398,0.10050234943628311
399,0.09860360622406006
400,0.04726974666118622
401,0.16670551896095276
402,0.08205700665712357
403,0.21038269996643066
404,0.3697715997695923
405,0.08335508406162262
406,0.37051501870155334
407,0.15793590247631073
408,0.08925487101078033
409,0.09261202067136765
410,0.09677329659461975
411,0.10176987200975418
412,0.1649218648672104
413,0.08520068973302841
414,0.08313474804162979
415,0.09594687074422836
416,0.09708212316036224
417,0.09831266105175018
418,0.0996316447854042
419,0.10103736817836761
420,0.10252294689416885
421,0.10249343514442444
422,0.1053258404135704
423,0.09682595729827881
424,0.09565526992082596
425,0.08224591612815857
426,0.09490986913442612
427,0.10379549115896225
428,0.09372018277645111
429,0.10420895367860794
430,0.09548730403184891
431,0.1039295420050621
432,0.11619053781032562
433,0.11520294845104218
434,0.11455933749675751
435,0.11419935524463654
436,0.11483456939458847
437,0.11608560383319855
438,0.09410043060779572
439,0.11899292469024658
440,0.12064734846353531
441,0.13230746984481812
442,0.09780751913785934
443,0.16496911644935608
444,0.21679766476154327
445,0.08897324651479721
446,0.08024043589830399
447,0.08788175135850906
448,0.08795926719903946
449,0.08804423362016678
450,0.08810470253229141
451,0.0881049782037735
452,0.08810564130544662
453,0.14153055846691132
454,0.1456737220287323
455,0.14414723217487335
456,0.1369924545288086
457,0.09806104004383087
458,0.40450748801231384
459,0.3401162326335907
460,0.3405780494213104
461,0.33980557322502136
462,0.210978701710701
463,0.2603265941143036
464,0.14739306271076202
465,0.25544852018356323
466,0.24870067834854126
467,0.14692360162734985
468,0.29714521765708923
469,0.2653668224811554
470,0.2366478443145752
471,0.2632257640361786
472,0.07099999487400055
473,0.07097242772579193
474,0.07612144947052002
475,0.1687515676021576
476,0.1488083302974701
477,0.06933180242776871
478,0.09457556903362274
479,0.09457556903362274
480,0.12144437432289124
481,0.08074117451906204
482,0.133236825466156
483,0.13460573554039001
484,0.15826788544654846
485,0.16905981302261353
486,0.2214811146259308
487,0.24677766859531403
488,0.2077627032995224
489,0.24562425911426544
490,0.24562425911426544
491,0.2667967975139618
492,0.24562425911426544
493,0.0
494,0.24562425911426544
495,0.24562425911426544
496,0.24562425911426544
497,0.24562416970729828
498,0.19530607759952545
499,0.17068099975585938
500,0.25585606694221497
501,0.21107017993927002
502,0.22687731683254242
503,0.036080390214920044
504,0.03604945167899132
505,0.10442143678665161
506,0.25621500611305237
507,0.035715989768505096
508,0.15225379168987274
509,0.15081697702407837
510,0.036088816821575165
511,0.0
512,0.26510125398635864
513,0.26473677158355713
514,0.15005260705947876
515,0.0
516,0.26433461904525757
517,0.2287873774766922
518,0.0
519,0.13885405659675598
520,0.2943100333213806
521,0.2943529784679413
522,0.29440534114837646
523,0.2944628894329071
524,0.2945164144039154
525,0.2945559024810791
526,0.2251337319612503
527,0.0
528,0.22590453922748566
529,0.2541060447692871
530,0.2610793113708496
531,0.26455458998680115
532,0.12031152844429016
533,0.12155389040708542
534,0.12155389040708542
535,0.12428703159093857
536,0.12428703159093857
537,0.12739107012748718
538,0.22389757633209229
539,0.22389757633209229
540,0.22389757633209229
541,0.22389757633209229
542,0.22389757633209229
543,0.22389757633209229
544,0.2234131246805191
545,0.12407904863357544
546,0.11947344988584518
547,0.2136766016483307
548,0.20973435044288635
549,0.1994667649269104
550,0.20387160778045654
551,0.25494539737701416
552,0.2561688721179962
553,0.2584405541419983
554,0.18236763775348663
555,0.19240395724773407
556,0.27265724539756775
557,0.2782098650932312
558,0.2814749777317047
559,0.28506869077682495
560,0.28896015882492065
561,0.2930920124053955
562,0.3404185473918915
563,0.18211951851844788
564,0.23623503744602203
565,0.24100641906261444
566,0.24512623250484467
567,0.15123575925827026
568,0.483529269695282
569,0.3288397192955017
570,0.3288397192955017
571,0.3288397192955017
572,0.17321471869945526
573,0.17367514967918396
574,0.17408724129199982
575,0.17444400489330292
576,0.17474474012851715
577,0.17414966225624084
578,0.2080433964729309
579,0.3610248267650604
580,0.3524618148803711
581,0.2144755870103836
582,0.3038708567619324
583,0.39326217770576477
584,0.18221348524093628
585,0.12568753957748413
586,0.22085803747177124
587,0.14023134112358093
588,0.22085803747177124
589,0.22358594834804535
590,0.14023134112358093
591,0.1205514669418335
592,0.18455874919891357
593,0.1865096539258957
594,0.12919944524765015
595,0.1903611272573471
596,0.19223926961421967
597,0.19406096637248993
598,0.19578446447849274
599,0.1973402351140976
600,0.24122881889343262
601,0.18757900595664978
602,0.22481870651245117
603,0.2229536771774292
604,0.22093671560287476
605,0.21878266334533691
606,0.2165103256702423
607,0.2141338735818863
608,0.21166644990444183
609,0.2091217041015625
610,0.21862997114658356
611,0.22032426297664642
612,0.22183774411678314
613,0.2231808751821518
614,0.178514763712883
615,0.20857305824756622
616,0.20921149849891663
617,0.20444965362548828
618,0.4343287944793701
619,0.2939760684967041
620,0.26455172896385193
621,0.2594258785247803
622,0.40066611766815186
623,0.4144882559776306
624,0.22542518377304077
625,0.3633396625518799
626,0.363386869430542
627,0.3009405732154846
628,0.2275708019733429
629,0.16352306306362152
630,0.2277732491493225
631,0.22767755389213562
632,0.25485411286354065
633,0.2539956271648407
634,0.19514523446559906
635,0.2611369788646698
636,0.30748385190963745
637,0.21885859966278076
638,0.34693360328674316
639,0.3321014642715454
640,0.3521026074886322
641,0.3547835648059845
642,0.3574165105819702
643,0.13107387721538544
644,0.1888958215713501
645,0.19635754823684692
646,0.11004604399204254
647,0.18916302919387817
648,0.1613646000623703
649,0.18916302919387817
650,0.18916302919387817
651,0.18916302919387817
652,0.18916302919387817
653,0.18916302919387817
654,0.18916302919387817
655,0.18916302919387817
656,0.18916302919387817
657,0.09212417900562286
658,0.1434721052646637
659,0.035673994570970535
660,0.39349913597106934
661,0.39349573850631714
662,0.3934909403324127
663,0.5180646777153015
664,0.5180497169494629
665,0.0
666,0.0
667,0.0
668,0.0
669,0.677191972732544
670,0.30956920981407166
671,0.6713599562644958
672,0.6713599562644958
673,0.0
674,0.2379346340894699
675,0.35455894470214844
676,0.17051441967487335
677,0.4401952624320984
678,0.4401952624320984
679,0.2585725784301758
680,0.2591218948364258
681,0.2596800923347473
682,0.26024988293647766
683,0.2608272135257721
684,0.2614160478115082
685,0.08478599786758423
686,0.22855915129184723
687,0.2294791340827942
688,0.3436180651187897
689,0.2488439530134201
690,0.3026367425918579
691,0.25823456048965454
692,0.19546574354171753
693,0.1643470972776413
694,0.16521236300468445
695,0.26164546608924866
696,0.26255640387535095
697,0.26349392533302307
698,0.26445597410202026
699,0.07435091584920883
700,0.10182398557662964
701,0.07640991359949112
702,0.10535826534032822
703,0.10720144957304001
704,0.10909932851791382
705,0.22485721111297607
706,0.07162965834140778
707,0.24612243473529816
708,0.11145323514938354
709,0.2482856661081314
710,0.08903325349092484
711,0.11757497489452362
712,0.1196049377322197
713,0.12175940722227097
714,0.17423027753829956
715,0.12652313709259033
716,0.12916508316993713
717,0.13199618458747864
718,0.1540365219116211
719,0.16322217881679535
720,0.11334249377250671
721,0.14203570783138275
722,0.12167242914438248
723,0.11681745946407318
724,0.11019329726696014
725,0.15428957343101501
726,0.10707879066467285
727,0.12040766328573227
728,0.16216927766799927
729,0.16498148441314697
730,0.16792893409729004
731,0.19276408851146698
732,0.194041445851326
733,0.17198647558689117
734,0.1735468953847885
735,0.19627247750759125
736,0.2124866545200348
737,0.2001248598098755
738,0.1764495074748993
739,0.19291530549526215
740,0.25956839323043823
741,0.2631329596042633
742,0.26871487498283386
743,0.2649906575679779
744,0.2749658226966858
745,0.28178051114082336
746,0.2864137589931488
747,0.29117637872695923
748,0.2960346043109894
749,0.204474538564682
750,0.305833637714386
751,0.3528886139392853
752,0.36406561732292175
753,0.3750298321247101
754,0.3247559368610382
755,0.32803529500961304
756,0.33121824264526367
757,0.19521000981330872
758,0.41458478569984436
759,0.41717806458473206
760,0.41941145062446594
761,0.44428229331970215
762,0.44531142711639404
763,0.445953905582428
764,0.44618526101112366
765,0.44618526101112366
766,0.3426690995693207
767,0.4450007975101471
768,0.4450007975101471
769,0.4450007975101471
770,0.34163641929626465
771,0.49461764097213745
772,0.49461764097213745
773,0.49461764097213745
774,0.49461764097213745
775,0.49461764097213745
776,0.4941859543323517
777,0.4975246489048004
778,0.3498018682003021
779,0.5024862885475159
780,0.27256834506988525
781,0.0
782,0.4788437783718109
783,0.035673994570970535
784,0.035673994570970535
785,0.0
786,0.0
787,0.0
788,0.0
789,0.035673994570970535
790,0.0
791,0.0
792,0.0
793,0.0
794,0.0
795,0.0
796,0.0
797,0.0
798,0.0
799,0.0
800,0.0
801,0.0
802,0.0
803,0.0
804,0.0
805,0.23257876932621002
806,0.035673994570970535
807,0.0
808,0.0
809,0.5615216493606567
810,0.5631982088088989
811,0.5650627613067627
812,0.5671072006225586
813,0.5693162083625793
814,0.5661935806274414
815,0.5330083966255188
816,0.5696825981140137
817,0.571312427520752
818,0.5459021925926208
819,0.4695647656917572
820,0.5584848523139954
821,0.37905973196029663
822,0.463577538728714
823,0.5736177563667297
824,0.5807069540023804
825,0.489260733127594
826,0.39264145493507385
827,0.3930049538612366
828,0.3938071131706238
829,0.3937009572982788
830,0.39524272084236145
831,0.39512473344802856
832,0.3363820016384125
833,0.43787455558776855
834,0.43877941370010376
835,0.4002601206302643
836,0.4015216827392578
837,0.34710368514060974
838,0.40380018949508667
839,0.30644890666007996
840,0.294950395822525
841,0.37118422985076904
842,0.27144062519073486
843,0.20599782466888428
844,0.253663033246994
845,0.24872088432312012
846,0.18483513593673706
847,0.2274526208639145
848,0.2274526208639145
849,0.2221440076828003
850,0.19387613236904144
851,0.20099656283855438
852,0.20353330671787262
853,0.22972260415554047
854,0.20772050321102142
855,0.23544643819332123
856,0.31288883090019226
857,0.33002328872680664
858,0.34214165806770325
859,0.6476625800132751
860,0.22145026922225952
861,0.0
862,0.4960800111293793
863,0.32523754239082336
864,0.32632365822792053
865,0.5085365772247314
866,0.22217367589473724
867,0.5155547261238098
868,0.41224583983421326
869,0.5809856057167053
870,0.4819478988647461
871,0.46546444296836853
872,0.4207782447338104
873,0.25444379448890686
874,0.2681189179420471
875,0.34946319460868835
876,0.38378211855888367
877,0.37093910574913025
878,0.40218058228492737
879,0.3034328818321228
880,0.34914830327033997
881,0.4165981709957123
882,0.37923315167427063
883,0.35913124680519104
884,0.3597988784313202
885,0.3571409583091736
886,0.21741892397403717
887,0.36320760846138
888,0.3806231915950775
889,0.3365107774734497
890,0.4117468297481537
891,0.46575024724006653
892,0.47432130575180054
893,0.471531480550766
894,0.45742663741111755
895,0.4419359564781189
896,0.4621674120426178
897,0.47454458475112915
898,0.4360630512237549
899,0.2990780472755432
900,0.3111467957496643
901,0.5675185918807983
902,0.5339162945747375
903,0.5823468565940857
904,0.5451808571815491
905,0.3332022726535797
906,0.5698018074035645
907,0.36883974075317383
908,0.5938639640808105
909,0.479104608297348
910,0.58614182472229
911,0.3255505859851837
912,0.5969571471214294
913,0.605853259563446
914,0.40363988280296326
915,0.4039684236049652
916,0.4046000838279724
917,0.38543057441711426
918,0.40596628189086914
919,0.4061451554298401
920,0.2934599220752716
921,0.32934990525245667
922,0.4538484215736389
923,0.42233771085739136
924,0.44130638241767883
925,0.19873757660388947
926,0.37834736704826355
927,0.2606208622455597
928,0.20928552746772766
929,0.1949588805437088
930,0.3306325078010559
931,0.3851829171180725
932,0.3650886118412018
933,0.37052491307258606
934,0.4518783688545227
935,0.3507649302482605
936,0.51341712474823
937,0.36974820494651794
938,0.3101608157157898
939,0.035673998296260834
940,0.24773025512695312
941,0.14417646825313568
942,0.0
943,0.0
944,0.0
945,0.24335412681102753
946,0.0
947,0.19211070239543915
948,0.11452579498291016
949,0.14311349391937256
950,0.13579463958740234
951,0.15120919048786163
952,0.14864438772201538
953,0.17605304718017578
954,0.053991466760635376
955,0.3207550644874573
956,0.27122339606285095
957,0.31108659505844116
958,0.3701585829257965
959,0.31824782490730286
960,0.31943416595458984
961,0.31967300176620483
962,0.24119023978710175
963,0.3197588324546814
964,0.34396854043006897
965,0.3197709619998932
966,0.3197946846485138
967,0.28431570529937744
968,0.31989532709121704
969,0.2944832146167755
970,0.32006120681762695
971,0.2740848958492279
972,0.27315759658813477
973,0.2569062113761902
974,0.25558900833129883
975,0.2541215717792511
976,0.2527458071708679
977,0.29929158091545105
978,0.251878947019577
979,0.29711276292800903
980,0.32247495651245117
981,0.3040314316749573
982,0.30617791414260864
983,0.3135564625263214
984,0.31230804324150085
985,0.2920368015766144
986,0.3292856514453888
987,0.31388595700263977
988,0.2737903296947479
989,0.2730059027671814
990,0.25594642758369446
991,0.22761398553848267
992,0.23278579115867615
993,0.2518467605113983
994,0.1306489259004593
995,0.2572821080684662
996,0.2623131573200226
997,0.2642567455768585
998,0.2642567455768585
999,0.2642567455768585
1000,0.2642567455768585
1001,0.3005964457988739
1002,0.3324221670627594
1003,0.3156845271587372
1004,0.29532861709594727
1005,0.3888026177883148
1006,0.035673994570970535
1007,0.11045137792825699
1008,0.1485954225063324
1009,0.34187570214271545
1010,0.39671722054481506
1011,0.39402663707733154
1012,0.31982946395874023
1013,0.15204454958438873
1014,0.35598224401474
1015,0.29758742451667786
1016,0.251807302236557
1017,0.2422638088464737
1018,0.40550047159194946
1019,0.3346770703792572
1020,0.2282150536775589
1021,0.24685163795948029
1022,0.16421930491924286
1023,0.1307367980480194
1024,0.035673998296260834
1025,0.18010905385017395
1026,0.17604222893714905
1027,0.2522306740283966
1028,0.14650900661945343
1029,0.2762150466442108
1030,0.16188867390155792
1031,0.11036764830350876
1032,0.12227870523929596
1033,0.11803549528121948
1034,0.15532132983207703
1035,0.16961725056171417
1036,0.17489121854305267
1037,0.13712891936302185
1038,0.14529374241828918
1039,0.17067275941371918
1040,0.169632688164711
1041,0.11149388551712036
1042,0.12894116342067719
1043,0.10984537750482559
1044,0.10889361053705215
1045,0.10781993716955185
1046,0.09514033794403076
1047,0.035673998296260834
1048,0.1546066552400589
1049,0.1375647932291031
1050,0.1440490037202835
1051,0.14347440004348755
1052,0.14642973244190216
1053,0.12533307075500488
1054,0.12275516241788864
1055,0.07654591649770737
1056,0.0
1057,0.09658502787351608
1058,0.13719238340854645
1059,0.0
1060,0.0
1061,0.035673998296260834
1062,0.0
1063,0.0
1064,0.0
1065,0.0
1066,0.0
1067,0.0
1068,0.0
1069,0.0
1070,0.0
1071,0.0
1072,0.0
1073,0.0
1074,0.0
1075,0.0
1076,0.0
1077,0.0
1078,0.0
1079,0.0
1080,0.0
1081,0.0
1082,0.0
1083,0.0
1084,0.0
1085,1.0
1086,1.0
1087,0.0
1088,1.0
1089,1.0
1090,1.0
1091,1.0
1092,1.0
1093,1.0
1094,0.51341712474823
1095,0.0
1096,0.0
1097,0.035673994570970535
1098,0.0
1099,0.0
1100,0.0
1101,0.0
1102,0.0
1103,0.0
1104,0.0
1105,0.0
1106,0.0
1107,0.0
1108,0.0
1109,0.0
1110,0.0
1111,0.0
1112,0.0
1113,0.0
1114,0.0
1115,0.0
1116,0.038983143866062164
1117,0.03951386362314224
1118,0.0
1119,0.0
1120,0.0
1121,0.0
1122,0.0
1123,0.0
1124,0.045868515968322754
1125,0.04807911813259125
1126,0.051091231405735016
1127,0.0547042042016983
1128,0.05848652869462967
1129,0.06229431927204132
1130,0.06664667278528214
1131,0.07158386707305908
1132,0.07292687892913818
1133,0.07442706823348999
1134,0.07442706823348999
1135,0.07644231617450714
1136,0.0
1137,0.07644231617450714
1138,0.07983104884624481
1139,0.08427754044532776
1140,0.08890485763549805
1141,0.09260455518960953
1142,0.0955437570810318
1143,0.07299438863992691
1144,0.1163925901055336
1145,0.12243987619876862
1146,0.0
1147,0.13405440747737885
1148,0.0
1149,0.0
1150,0.1487157791852951
1151,0.15249507129192352
1152,0.15560175478458405
1153,0.1579623520374298
1154,0.1595616489648819
1155,0.1603740155696869
1156,0.16040366888046265
1157,0.09803883731365204
1158,0.16040366888046265
1159,0.16040366888046265
1160,0.21735474467277527
1161,0.21735474467277527
1162,0.2169787734746933
1163,0.2157992720603943
1164,0.21385909616947174
1165,0.21124456822872162
1166,0.20802517235279083
1167,0.20428591966629028
1168,0.18527507781982422
1169,0.19449038803577423
1170,0.17787230014801025
1171,0.17364726960659027
1172,0.17561917006969452
1173,0.16867989301681519
1174,0.16160616278648376
1175,0.154504656791687
1176,0.11019623279571533
1177,0.1446976214647293
1178,0.1136767566204071
1179,0.22947418689727783
1180,0.22597993910312653
1181,0.20395398139953613
1182,0.2550436854362488
1183,0.41209957003593445
1184,0.32057034969329834
1185,0.41168081760406494
1186,0.5266667604446411
1187,0.5258446931838989
1188,0.6692161560058594
1189,0.5068415403366089
1190,0.5931326150894165
1191,0.5002521276473999
1192,0.5180977582931519
1193,0.4034880995750427
1194,0.456906259059906
1195,0.5268190503120422
1196,0.5265566110610962
1197,0.5239870548248291
1198,0.756708562374115
1199,0.756708562374115
1200,0.6003803610801697
1201,0.7351484298706055
1202,0.5252977609634399
1203,0.34120893478393555
1204,0.6599301695823669
1205,0.5080122947692871
1206,0.6174729466438293
1207,0.7457979917526245
1208,0.5156270265579224
1209,0.6756114363670349
1210,0.4694526195526123
1211,0.4918311834335327
1212,0.5231159925460815
1213,0.41991063952445984
1214,0.5503579378128052
1215,0.5297558307647705
1216,0.645807683467865
1217,0.46016043424606323
1218,0.4822971224784851
1219,0.45968130230903625
1220,0.31975769996643066
1221,0.28085681796073914
1222,0.4439655840396881
1223,0.3997131884098053
1224,0.31232112646102905
1225,0.38039159774780273
1226,0.5063311457633972
1227,0.3963428735733032
1228,0.3727973401546478
1229,0.35120469331741333
1230,0.41911399364471436
1231,0.302068293094635
1232,0.20534391701221466
1233,0.19259454309940338
1234,0.2256779670715332
1235,0.23565857112407684
1236,0.29593250155448914
1237,0.2485133707523346
1238,0.2867220640182495
1239,0.3091658353805542
1240,0.49608710408210754
1241,0.4226030111312866
1242,0.367747962474823
1243,0.3712390065193176
1244,0.42455604672431946
1245,0.36493805050849915
1246,0.3463653028011322
1247,0.3292471170425415
1248,0.3193294107913971
1249,0.30709245800971985
1250,0.2860010862350464
1251,0.35283362865448
1252,0.41585567593574524
1253,0.3452383279800415
1254,0.3961440622806549
1255,0.4464980661869049
1256,0.36521005630493164
1257,0.41579470038414
1258,0.3432352542877197
1259,0.4074101746082306
1260,0.3953714668750763
1261,0.41893693804740906
1262,0.37220194935798645
1263,0.3628133535385132
1264,0.29437658190727234
1265,0.2547326385974884
1266,0.256763219833374
1267,0.2375672161579132
1268,0.2746192216873169
1269,0.23185639083385468
1270,0.27730056643486023
1271,0.30776873230934143
1272,0.30731385946273804
1273,0.28746461868286133
1274,0.2907736897468567
1275,0.26986294984817505
1276,0.28022298216819763
1277,0.30088645219802856
1278,0.28243333101272583
1279,0.3199842870235443
1280,0.3669867217540741
1281,0.33694177865982056
1282,0.24820983409881592
1283,0.32736489176750183
1284,0.3217231333255768
1285,0.2977832555770874
1286,0.3051410913467407
1287,0.38441669940948486
1288,0.2255542278289795
1289,0.11593952029943466
1290,0.13802438974380493
1291,0.13859088718891144
1292,0.15740476548671722
1293,0.14534315466880798
1294,0.11325795948505402
1295,0.15850384533405304
1296,0.1936948299407959
1297,0.19715465605258942
1298,0.1861524134874344
1299,0.22101671993732452
1300,0.2245931327342987
1301,0.2242738902568817
1302,0.24457328021526337
1303,0.231949120759964
1304,0.2086363285779953
1305,0.21226578950881958
1306,0.1966419368982315
1307,0.23948264122009277
1308,0.1843920201063156
1309,0.18125078082084656
1310,0.2164222002029419
1311,0.18563613295555115
1312,0.17026682198047638
1313,0.17087075114250183
1314,0.17814506590366364
1315,0.2637039124965668
1316,0.20590458810329437
1317,0.20375192165374756
1318,0.16533945500850677
1319,0.08238615095615387
1320,0.11644858866930008
1321,0.11350087076425552
1322,0.102693110704422
1323,0.09032272547483444
1324,0.10855595022439957
1325,0.1285526305437088
1326,0.22071948647499084
1327,0.10962944477796555
1328,0.0773618146777153
1329,0.14014506340026855
1330,0.21077555418014526
1331,0.1653667688369751
1332,0.20986683666706085
1333,0.20935624837875366
1334,0.20880311727523804
1335,0.15972782671451569
1336,0.13831831514835358
1337,0.15877725183963776
1338,0.1582029163837433
1339,0.1575576812028885
1340,0.15672455728054047
1341,0.12560075521469116
1342,0.15408338606357574
1343,0.15225829184055328
1344,0.15011470019817352
1345,0.1476617008447647
1346,0.14496630430221558
1347,0.14209704101085663
1348,0.13944047689437866
1349,0.1429212987422943
1350,0.14877450466156006
1351,0.10868369042873383
1352,0.11341562122106552
1353,0.11798115074634552
1354,0.15111760795116425
1355,0.16407030820846558
1356,0.17347751557826996
1357,0.1830887496471405
1358,0.18676044046878815
1359,0.18676044046878815
1360,0.1702362596988678
1361,0.1702362596988678
1362,0.19113881886005402
1363,0.19113881886005402
1364,0.19113881886005402
1365,0.22013859450817108
1366,0.22013859450817108
1367,0.1702362596988678
1368,0.18676044046878815
1369,0.06648706644773483
1370,0.035673994570970535
1371,0.035673994570970535
1372,0.0
1373,0.0
1374,0.0
1375,0.0
1376,0.0
1377,0.0
1378,0.0
1379,0.1462864726781845
1380,0.32985180616378784
1381,0.32985180616378784
1382,0.1462864726781845
1383,0.32985180616378784
1384,0.32985180616378784
1385,0.32985180616378784
1386,0.32985180616378784
1387,0.32985180616378784
1388,0.32985180616378784
1389,0.32985180616378784
1390,0.29981470108032227
1391,0.14498114585876465
1392,0.1432986706495285
1393,0.22569812834262848
1394,0.12789957225322723
1395,0.163553386926651
1396,0.15557295083999634
1397,0.13172701001167297
1398,0.15019910037517548
1399,0.11858286708593369
1400,0.1133788526058197
1401,0.11173901706933975
1402,0.11483875662088394
1403,0.10780882835388184
1404,0.07151107490062714
1405,0.11328434944152832
1406,0.07798982411623001
1407,0.0991477370262146
1408,0.0991477370262146
1409,0.0991477370262146
1410,0.10063730180263519
1411,0.1006632000207901
1412,0.1006632000207901
1413,0.1006632000207901
1414,0.1006632000207901
1415,0.1006632000207901
1416,0.1006632000207901
1417,0.10056446492671967
1418,0.10030283033847809
1419,0.12273991107940674
1420,0.12135960906744003
1421,0.11947833001613617
1422,0.09698973596096039
1423,0.09726851433515549
1424,0.0958527997136116
1425,0.09414365887641907
1426,0.09179950505495071
1427,0.08995094150304794
1428,0.08238619565963745
1429,0.07196072489023209
1430,0.08013220131397247
1431,0.07564682513475418
1432,0.06848332285881042
1433,0.06590989977121353
1434,0.05949088931083679
1435,0.056441500782966614
1436,0.05182546377182007
1437,0.044860489666461945
1438,0.044162023812532425
1439,0.03812425211071968
1440,0.035673994570970535
1441,0.035673994570970535
1442,0.0
1443,0.0
1444,0.0
1445,0.0
1446,1.0
1447,0.0
1448,0.035673994570970535
1449,0.0
1450,0.0
1451,0.0
1452,0.7567086219787598
1453,0.5178370475769043
1454,0.51341712474823
1455,0.51341712474823
1456,0.51341712474823
1457,0.2745455503463745
1458,0.51341712474823
1459,0.51341712474823
1460,0.51341712474823
1461,0.035673994570970535
1462,0.0
1463,0.0
1464,0.0
1465,0.0
1466,0.0
1467,0.0
1468,0.0
1469,0.0
1470,0.0
1471,0.0
1472,0.0
1473,0.0
1474,0.0
1475,0.0
1476,0.0
1477,0.0
1478,0.0
1479,0.0
1480,0.0
1481,0.0
1482,0.0
1483,0.0
1484,0.0
1485,0.0
1486,0.0
1487,0.0
1488,0.0
1489,0.0
1490,0.0
1491,0.0
1492,0.0
1493,0.0
1494,0.0
1495,0.035673994570970535
1496,0.0
1497,0.0
1498,0.0
1499,0.0
1500,0.0
1501,0.0
1502,0.0
1503,0.0
1504,0.0
1505,0.0
1506,0.0
1507,0.0
1508,0.0
1509,0.0
1510,0.0
1511,0.0
1512,0.0
1513,0.0
1514,0.0
1515,0.0
1516,0.0
1517,0.0
1518,0.0
1519,0.0
1520,0.0
1521,0.0
1522,0.035673994570970535
1523,0.0
1524,0.0
1525,0.0
1526,0.03597386181354523
1527,0.035673994570970535
1528,0.0
1529,0.0
1530,0.0
1531,0.0
1532,0.0
1533,0.0
1534,0.0
1535,0.0
1536,0.0
1537,0.0
1538,0.0
1539,0.0
1540,0.0
1541,0.0
1542,0.0
1543,0.0
1544,0.09385686367750168
1545,0.15192744135856628
1546,0.15192744135856628
1547,0.15192744135856628
1548,0.0
1549,0.15192744135856628
1550,0.09384225308895111
1551,0.09382389485836029
1552,0.33898019790649414
1553,0.2196923792362213
1554,0.10214334726333618
1555,0.1678609848022461
1556,0.10192278772592545
1557,0.09445136785507202
1558,0.0
1559,0.0
1560,0.09786984324455261
1561,0.0
1562,0.11029016971588135
1563,0.035673994570970535
1564,0.0
1565,0.0
1566,0.035673994570970535
1567,0.0
1568,0.0
1569,0.046011943370103836
1570,0.0
1571,0.03722178190946579
1572,0.0
1573,0.0
1574,0.0
1575,0.0
1576,0.0
1577,0.0
1578,0.0
1579,0.0
1580,0.0
1581,0.0
1582,0.03699815273284912
1583,0.035690873861312866
1584,0.035707756876945496
1585,0.035707756876945496
1586,0.035673994570970535
1587,0.0
1588,0.0
1589,0.0
1590,0.0
1591,0.0
1592,0.0
1593,0.0
1594,0.0
1595,0.0
1596,0.0
1597,0.0
1598,0.0
1599,0.0
1600,0.0
1601,0.0
1602,0.0
1603,0.0
1604,0.0
1605,0.0
1606,0.0
1607,0.0
1608,0.0
1609,0.0
1610,0.0
1611,0.0
1612,0.0
1613,0.0
1614,0.0
1615,0.0
1616,0.0
1617,0.0
1618,0.0
1619,0.0
1620,0.0
1621,0.0
1622,0.0
1623,0.0
1624,0.0
1625,0.0
1626,0.0
1627,0.0
1628,0.0
1629,0.0
1630,0.0
1631,0.0
1632,0.0
1633,0.0
1634,0.0
1635,0.0
1636,0.0
1637,0.0
1638,0.0
1639,0.0
1640,0.0
1641,0.0
1642,0.0
1643,0.04036663472652435
1644,0.0399976447224617
1645,0.03891681879758835
1646,0.0
1647,0.0
1648,0.0
1649,0.038886286318302155
1650,0.038641586899757385
1651,0.0
1652,0.0
1653,0.0
1654,0.0
1655,0.0
1656,0.14095212519168854
1657,0.14098556339740753
1658,0.1410091370344162
1659,0.1410606950521469
1660,0.06157331168651581
1661,0.0671018660068512
1662,0.0667470246553421
1663,0.04140256717801094
1664,0.044612400233745575
1665,0.0468638576567173
1666,0.049359194934368134
1667,0.05173323303461075
1668,0.05360259860754013
1669,0.05326083302497864
1670,0.053426891565322876
1671,0.05418936535716057
1672,0.055267333984375
1673,0.056602757424116135
1674,0.05817611888051033
1675,0.1899978220462799
1676,0.13940829038619995
1677,0.12142413854598999
1678,0.21600444614887238
1679,0.21576064825057983
1680,0.11060446500778198
1681,0.1677197962999344
1682,0.16495990753173828
1683,0.12031187117099762
1684,0.1706492006778717
1685,0.1706061065196991
1686,0.12187661975622177
1687,0.12994816899299622
1688,0.12091408669948578
1689,0.22855496406555176
1690,0.1518232524394989
1691,0.1233275905251503
1692,0.10793564468622208
1693,0.10807345807552338
1694,0.21437489986419678
1695,0.20058760046958923
1696,0.1438680738210678
1697,0.1202605813741684
1698,0.21022583544254303
1699,0.17746895551681519
1700,0.1909985989332199
1701,0.1726737916469574
1702,0.23039843142032623
1703,0.2752109169960022
1704,0.36284440755844116
1705,0.3772875666618347
1706,0.36987507343292236
1707,0.45181676745414734
1708,0.39469602704048157
1709,0.282685786485672
1710,0.2084190547466278
1711,0.38504573702812195
1712,0.27451443672180176
1713,0.39911070466041565
1714,0.3537883758544922
1715,0.3372515141963959
1716,0.33177390694618225
1717,0.3276750445365906
1718,0.2101052850484848
1719,0.12444642186164856
1720,0.1667925864458084
1721,0.21011312305927277
1722,0.1617320030927658
1723,0.22469379007816315
1724,0.23195575177669525
1725,0.2006058245897293
1726,0.21091686189174652
1727,0.2308783382177353
1728,0.23261511325836182
1729,0.27130910754203796
1730,0.24020543694496155
1731,0.29771241545677185
1732,0.10391799360513687
1733,0.26154544949531555
1734,0.24753437936306
1735,0.27550897002220154
1736,0.10142147541046143
1737,0.27057045698165894
1738,0.26830148696899414
1739,0.271178662776947
1740,0.28195658326148987
1741,0.2740825414657593
1742,0.24969527125358582
1743,0.25580376386642456
1744,0.24731969833374023
1745,0.24490880966186523
1746,0.24226775765419006
1747,0.22119684517383575
1748,0.16183686256408691
1749,0.08090012520551682
1750,0.16578403115272522
1751,0.17286983132362366
1752,0.1640435755252838
1753,0.16323524713516235
1754,0.16117486357688904
1755,0.0714021846652031
1756,0.15867964923381805
1757,0.1518179178237915
1758,0.15911650657653809
1759,0.18605008721351624
1760,0.16655981540679932
1761,0.16809441149234772
1762,0.1787790209054947
1763,0.18043451011180878
1764,0.18022941052913666
1765,0.16754496097564697
1766,0.1686076819896698
1767,0.17451152205467224
1768,0.1513814777135849
1769,0.16960205137729645
1770,0.19283351302146912
1771,0.16784287989139557
1772,0.2317047417163849
1773,0.22209973633289337
1774,0.22684121131896973
1775,0.21667003631591797
1776,0.24006851017475128
1777,0.24393565952777863
1778,0.126068115234375
1779,0.34154656529426575
1780,0.23522454500198364
1781,0.23565518856048584
1782,0.2569342851638794
1783,0.3055049479007721
1784,0.3056029975414276
1785,0.29192331433296204
1786,0.29258233308792114
1787,0.27702397108078003
1788,0.26834845542907715
1789,0.28639110922813416
1790,0.26973143219947815
1791,0.2689565420150757
1792,0.26715999841690063
1793,0.2525138258934021
1794,0.2498895525932312
1795,0.2725282907485962
1796,0.2531169652938843
1797,0.1967063546180725
1798,0.19793842732906342
1799,0.2380986362695694
1800,0.23870131373405457
1801,0.23933829367160797
1802,0.23992666602134705
1803,0.23974034190177917
1804,0.24423615634441376
1805,0.21531452238559723
1806,0.305275559425354
1807,0.30478033423423767
1808,0.30359315872192383
1809,0.3077712059020996
1810,0.28205156326293945
1811,0.26852405071258545
1812,0.26680684089660645
1813,0.2682356536388397
1814,0.29144763946533203
1815,0.2638375759124756
1816,0.22837881743907928
1817,0.334585040807724
1818,0.23813728988170624
1819,0.3396971821784973
1820,0.3409821689128876
1821,0.25098130106925964
1822,0.33450984954833984
1823,0.33450984954833984
1824,0.31811216473579407
1825,0.2344369888305664
1826,0.22943398356437683
1827,0.3548094928264618
1828,0.2508592903614044
1829,0.22911691665649414
1830,0.2568886876106262
1831,0.27834388613700867
1832,0.2084266096353531
1833,0.2058866173028946
1834,0.16756683588027954
1835,0.16779682040214539
1836,0.13955049216747284
1837,0.1967051923274994
1838,0.14226703345775604
1839,0.1360747069120407
1840,0.13295340538024902
1841,0.11225228756666183
1842,0.1088963970541954
1843,0.1572946012020111
1844,0.12200425565242767
1845,0.15073327720165253
1846,0.11710453778505325
1847,0.1136522963643074
1848,0.10589736700057983
1849,0.16579101979732513
1850,0.17729181051254272
1851,0.15061891078948975
1852,0.0866258442401886
1853,0.0964353084564209
1854,0.10835589468479156
1855,0.0958063080906868
1856,0.0896308645606041
1857,0.084530308842659
1858,0.10101183503866196
1859,0.10728698968887329
1860,0.04390055686235428
1861,0.03567399084568024
1862,0.08880235999822617
1863,0.08795502036809921
1864,0.0758722573518753
1865,0.08155171573162079
1866,0.08155171573162079
1867,0.07738102227449417
1868,0.08153004944324493
1869,0.08097776770591736
1870,0.08006614446640015
1871,0.0790925994515419
1872,0.08165930211544037
1873,0.08110786229372025
1874,0.08069043606519699
1875,0.08009384572505951
1876,0.07197429239749908
1877,0.06915972381830215
1878,0.06215968355536461
1879,0.060428719967603683
1880,0.06149480864405632
1881,0.0617346428334713
1882,0.0617346428334713
1883,0.0617346428334713
1884,0.0617346428334713
1885,0.0617346353828907
1886,0.05586162582039833
1887,0.0617346353828907
1888,0.0617346353828907
1889,0.0617346353828907
1890,0.06278512626886368
1891,0.060315363109111786
1892,0.060315363109111786
1893,0.05952553078532219
1894,0.057679302990436554
1895,0.05493033677339554
1896,0.05159137770533562
1897,0.04811223968863487
1898,0.044925034046173096
1899,0.04235918074846268
1900,0.04058966413140297
1901,0.03958864510059357
1902,0.03759797289967537
1903,0.0
1904,0.0
1905,0.03773733973503113
1906,0.03766072914004326
1907,0.0
1908,0.037543896585702896
1909,0.0
1910,0.0
1911,0.03567399084568024
1912,0.0
1913,0.0
1914,0.0
1915,0.0
1916,0.0
1917,0.0
1918,0.0
1919,0.0
1920,0.0
1921,0.0
1922,0.0
1923,0.0
1924,0.0
1925,0.0
1926,0.0
1927,0.0
1928,0.0
1929,0.0
1930,0.0
1931,0.0
1932,0.0
1933,0.0
1934,0.0
1935,0.0
1936,0.0
1937,0.0
1938,0.0
1939,0.0
1940,0.0
1941,0.0
1942,1.0
1943,0.5532044172286987
1944,0.27743902802467346
1945,0.20757250487804413
1946,1.0
1947,0.797539234161377
1948,0.48696792125701904
1949,0.6076979637145996
1950,0.6076245307922363
1951,0.3012377619743347
1952,0.45524150133132935
1953,0.45034873485565186
1954,0.44824105501174927
1955,0.34236130118370056
1956,0.3711594045162201
1957,0.40430235862731934
1958,0.4337088167667389
1959,0.5003517270088196
1960,0.41868600249290466
1961,0.47917991876602173
1962,0.48055699467658997
1963,0.44825056195259094
1964,0.4637239873409271
1965,0.49624115228652954
1966,0.5037021040916443
1967,0.5454482436180115
1968,0.5049338340759277
1969,0.42103320360183716
1970,0.40516453981399536
1971,0.40431851148605347
1972,0.45102646946907043
1973,0.37558549642562866
1974,0.3463711738586426
1975,0.3750947415828705
1976,0.2775711715221405
1977,0.3175629675388336
1978,0.2380646914243698
1979,0.3267967998981476
1980,0.3078080713748932
1981,0.3347287178039551
1982,0.38603463768959045
1983,0.36796101927757263
1984,0.3424869179725647
1985,0.31054896116256714
1986,0.3010501265525818
1987,0.3159787952899933
1988,0.3388092815876007
1989,0.3364836275577545
1990,0.3494042754173279
1991,0.29692429304122925
1992,0.35852205753326416
1993,0.3250159025192261
1994,0.46683749556541443
1995,0.3867550492286682
1996,0.3028561770915985
1997,0.4119998812675476
1998,0.37560951709747314
1999,0.23315975069999695
2000,0.21713924407958984
2001,0.21588554978370667
2002,0.27862441539764404
2003,0.035673994570970535
2004,0.4180721640586853
2005,0.38819438219070435
2006,0.3792498707771301
2007,0.24059495329856873
2008,0.361772745847702
2009,0.35087206959724426
2010,0.3397652506828308
2011,0.2606741786003113
2012,0.29788506031036377
2013,0.25051698088645935
2014,0.2736225128173828
2015,0.13187122344970703
2016,0.25785690546035767
2017,0.36623096466064453
2018,0.42320775985717773
2019,0.363937646150589
2020,0.3834429085254669
2021,0.2530252933502197
2022,0.29546409845352173
2023,0.27774059772491455
2024,0.35732483863830566
2025,0.5306677222251892
2026,0.44971561431884766
2027,0.15683947503566742
2028,0.21844042837619781
2029,0.40348872542381287
2030,0.33041462302207947
2031,0.3603127598762512
2032,0.10906294733285904
2033,0.1910317838191986
2034,0.5134171843528748
2035,0.39398133754730225
2036,0.5134171843528748
2037,0.4451681673526764
2038,0.27052071690559387
2039,0.4654916226863861
2040,0.2659338414669037
2041,0.47017818689346313
2042,0.39830484986305237
2043,0.33525973558425903
2044,0.3475700914859772
2045,0.2745455503463745
2046,0.09755932539701462
2047,0.09880856424570084
2048,0.14916576445102692
2049,0.0
2050,0.03968648239970207
2051,0.19286833703517914
2052,0.0
2053,0.0
2054,0.0
2055,0.035673994570970535
2056,0.0
2057,0.1329163908958435
2058,0.0
2059,0.03618563711643219
2060,0.0
2061,0.068425253033638
2062,0.038917385041713715
2063,0.03580623120069504
2064,0.035673998296260834
2065,0.0
2066,0.035673994570970535
2067,0.0
2068,0.0
2069,0.0
2070,0.0
2071,0.0
2072,0.0
2073,0.0
2074,0.0
2075,0.0
2076,0.0
2077,0.0
2078,0.0
2079,0.0
2080,0.0
2081,0.0
2082,0.0
2083,0.0
2084,0.0
2085,0.0
2086,0.0
2087,0.21057240664958954
2088,0.0
2089,0.0
2090,0.0
2091,0.18432505428791046
2092,0.044591497629880905
2093,0.0
2094,0.037466686218976974
2095,0.0360063873231411
2096,0.035673998296260834
2097,0.0
2098,0.035673998296260834
2099,0.0
2100,0.0
2101,0.0
2102,0.0
2103,0.0
2104,0.0
2105,0.0
2106,0.0
2107,0.0
2108,0.0
2109,0.0
2110,0.0
2111,0.0
2112,0.0
2113,0.0
2114,0.5134171843528748
2115,0.51341712474823
2116,0.46033456921577454
2117,0.51341712474823
2118,0.5134171843528748
2119,0.3214871883392334
2120,0.2989313304424286
2121,0.239399716258049
2122,0.4853750467300415
2123,0.35190120339393616
2124,0.15353651344776154
2125,0.2873215675354004
2126,0.21836766600608826
2127,0.20164145529270172
2128,0.04496198520064354
2129,0.134194016456604
2130,0.23929791152477264
2131,0.176209956407547
2132,0.10499613732099533
2133,0.18509653210639954
2134,0.12760883569717407
2135,0.203578919172287
2136,0.11757239699363708
2137,0.29682686924934387
2138,0.11247748136520386
2139,0.07865496724843979
2140,0.20028448104858398
2141,0.29645559191703796
2142,0.035673994570970535
2143,0.35576072335243225
2144,0.16081871092319489
2145,0.24796676635742188
2146,0.4130828082561493
2147,0.35393092036247253
2148,0.17016662657260895
2149,0.14896199107170105
2150,0.15936368703842163
2151,0.11566518992185593
2152,0.1167309358716011
2153,0.51341712474823
2154,0.4178685247898102
2155,0.51341712474823
2156,0.39398133754730225
2157,0.12003549933433533
2158,0.11557957530021667
2159,0.035673998296260834
2160,0.17114922404289246
2161,0.087877057492733
2162,0.0
2163,0.3033421039581299
2164,0.0
2165,0.0
2166,0.0
2167,0.035673994570970535
2168,0.0
2169,0.0
2170,0.0
2171,0.0
2172,0.0
2173,0.03735017031431198
2174,0.03718850389122963
2175,0.0
2176,0.0
2177,0.0
2178,0.037108197808265686
2179,0.0
2180,0.13569340109825134
2181,0.25593480467796326
2182,0.38492855429649353
2183,0.30819010734558105
2184,0.20239049196243286
2185,0.20541724562644958
2186,0.17164801061153412
2187,0.1535697728395462
2188,0.15703149139881134
2189,0.15837739408016205
2190,0.15837739408016205
2191,0.15837739408016205
2192,0.15837739408016205
2193,0.15837739408016205
2194,0.1553298979997635
2195,0.13338778913021088
2196,0.15293054282665253
2197,0.15293054282665253
2198,0.15293054282665253
2199,0.15007202327251434
2200,0.15293054282665253
2201,0.1521545946598053
2202,0.14903739094734192
2203,0.14375045895576477
2204,0.13585036993026733
2205,0.1279173344373703
2206,0.11914349347352982
2207,0.11004164814949036
2208,0.10689014941453934
2209,0.16198022663593292
2210,0.20667672157287598
2211,0.14996764063835144
2212,0.1978379338979721
2213,0.19450047612190247
2214,0.2327376753091812
2215,0.2292802929878235
2216,0.22044336795806885
2217,0.18761438131332397
2218,0.19064435362815857
2219,0.15359193086624146
2220,0.15686768293380737
2221,0.13803711533546448
2222,0.23243318498134613
2223,0.2359316051006317
2224,0.11263611912727356
2225,0.11521342396736145
2226,0.11748365312814713
2227,0.11748365312814713
2228,0.08636748045682907
2229,0.10914310067892075
2230,0.1458776295185089
2231,0.2237229347229004
2232,0.1458776295185089
2233,0.06112606078386307
2234,0.2739558517932892
2235,0.26718461513519287
2236,0.12166672199964523
2237,0.2206815481185913
2238,0.12121176719665527
2239,0.0
2240,0.20674952864646912
2241,0.19911925494670868
2242,0.5134171843528748
2243,0.0
2244,0.058973025530576706
2245,0.4548041820526123
2246,0.5146799683570862
2247,0.17166587710380554
2248,0.23414306342601776
2249,0.13343463838100433
2250,0.11218544095754623
2251,0.4451681673526764
2252,0.1103232204914093
2253,0.11109988391399384
2254,0.5248119831085205
2255,0.5198660492897034
2256,0.20553331077098846
2257,0.19254916906356812
2258,0.16826942563056946
2259,0.10395730286836624
2260,0.0
2261,0.0
2262,0.0
2263,0.0
2264,0.0
2265,0.26062464714050293
2266,0.5056436657905579
2267,0.5060150027275085
2268,0.32744336128234863
2269,0.5934934020042419
2270,0.4385194480419159
2271,0.32580819725990295
2272,0.4492156207561493
2273,0.13636532425880432
2274,0.5138695240020752
2275,0.035673998296260834
2276,0.035673998296260834
2277,0.32836687564849854
2278,0.25210070610046387
2279,0.32836687564849854
2280,0.32836687564849854
2281,0.32836687564849854
2282,0.32836687564849854
2283,0.32836687564849854
2284,0.32836687564849854
2285,0.32836687564849854
2286,0.32836687564849854
2287,0.23448623716831207
2288,0.2294178456068039
2289,0.22404734790325165
2290,0.21851769089698792
2291,0.21293023228645325
2292,0.20743684470653534
2293,0.20363028347492218
2294,0.20099645853042603
2295,0.1985376924276352
2296,0.19628509879112244
2297,0.19520747661590576
2298,0.1962464153766632
2299,0.19844606518745422
2300,0.2007693648338318
2301,0.07054906338453293
2302,0.20085647702217102
2303,0.03590722009539604
2304,0.035673994570970535
2305,0.203097864985466
2306,0.20320138335227966
2307,0.20320138335227966
2308,0.20320138335227966
2309,0.20320138335227966
2310,0.20320138335227966
2311,0.16659347712993622
2312,0.15860635042190552
2313,0.1393330842256546
2314,0.24299216270446777
2315,0.24299216270446777
2316,0.6103744506835938
2317,0.6103744506835938
2318,0.6096944212913513
2319,0.5067154169082642
2320,0.9954586625099182
2321,0.9954586625099182
2322,0.9954586625099182
2323,0.9954586625099182
2324,0.24758341908454895
2325,0.22740060091018677
2326,0.20643669366836548
2327,0.035673994570970535
2328,0.0
2329,0.0389089360833168
2330,0.036997389048337936
2331,0.0
2332,1.0
2333,0.0
2334,0.039563003927469254
2335,0.0
2336,0.039563003927469254
2337,0.03697356581687927
2338,0.09909646213054657
2339,0.037528835237026215
2340,0.03752090781927109
2341,0.0
2342,0.03859972581267357
2343,0.0
2344,0.3453511893749237
2345,0.10084066540002823
2346,0.11335860192775726
2347,0.0
2348,0.3453511893749237
2349,0.3453511893749237
2350,0.3432837426662445
2351,0.3432837426662445
2352,0.3432837426662445
2353,0.062437109649181366
2354,0.3417336046695709
2355,0.035673994570970535
2356,0.059003617614507675
2357,0.045724108815193176
2358,0.06189386174082756
2359,0.0
2360,0.0
2361,0.039676208049058914
2362,0.0
2363,0.0
2364,0.0
2365,0.03959241509437561
2366,0.03909973055124283
2367,0.03823471814393997
2368,0.03756962716579437
2369,0.03609215095639229
2370,0.0394233800470829
2371,0.04108356684446335
2372,0.037323180586099625
2373,0.0
2374,0.0
2375,0.0
2376,0.035673994570970535
2377,0.0
2378,0.0
2379,0.0
2380,0.0
2381,0.0
2382,0.0
2383,0.0
2384,0.0
2385,0.0
2386,0.0
2387,0.0
2388,0.0
2389,0.0
2390,0.0
2391,0.0
2392,0.0
2393,0.15510977804660797
2394,0.0
2395,0.0
2396,0.0
2397,0.46375012397766113
2398,0.46375012397766113
2399,0.560379683971405
2400,0.6235836148262024
2401,0.5427550077438354
2402,0.5427550077438354
2403,0.5427550077438354
2404,0.45211702585220337
2405,0.51341712474823
2406,0.433793306350708
2407,0.363707572221756
2408,0.2926025092601776
2409,0.5134171843528748
2410,0.28566041588783264
2411,0.310510516166687
2412,0.3245300352573395
2413,0.28143510222435
2414,0.21743100881576538
2415,0.21559050679206848
2416,0.24906498193740845
2417,0.269101619720459
2418,0.22539116442203522
2419,0.22480368614196777
2420,0.24777457118034363
2421,0.3548641502857208
2422,0.27574941515922546
2423,0.23610597848892212
2424,0.2807062864303589
2425,0.27865272760391235
2426,0.3720894753932953
2427,0.3465532064437866
2428,0.3568362593650818
2429,0.2690545618534088
2430,0.4992449879646301
2431,0.4992449879646301
2432,0.24668924510478973
2433,0.17080175876617432
2434,0.4992449879646301
2435,0.1762363463640213
2436,0.2605518400669098
2437,0.2572101652622223
2438,0.2537914216518402
2439,0.21593214571475983
2440,0.035673994570970535
2441,0.4180852770805359
2442,0.07645910233259201
2443,0.1255159080028534
2444,0.035673994570970535
2445,0.0
2446,0.0
2447,0.0
2448,0.0
2449,0.0
2450,0.0
2451,0.0
2452,0.0
2453,0.563429057598114
2454,0.6385748386383057
2455,0.5091828107833862
2456,0.487255334854126
2457,0.3421746790409088
2458,0.42855104804039
2459,0.4745714068412781
2460,0.5173276662826538
2461,0.5204747915267944
2462,0.3301037847995758
2463,0.4314902424812317
2464,0.535285234451294
2465,0.19492168724536896
2466,0.19492168724536896
2467,0.5134171843528748
2468,0.4451681673526764
2469,0.5845759510993958
2470,0.4890686571598053
2471,0.3787635266780853
2472,0.5019388794898987
2473,0.4482158124446869
2474,0.39330247044563293
2475,0.44816428422927856
2476,0.45573949813842773
2477,0.43155431747436523
2478,0.378618448972702
2479,0.4670451879501343
2480,0.4949098229408264
2481,0.2741444706916809
2482,0.28525134921073914
2483,0.5564971566200256
2484,0.5752461552619934
2485,0.48974373936653137
2486,0.5005183815956116
2487,0.38966816663742065
2488,0.5134171843528748
2489,0.27684319019317627
2490,0.27463310956954956
2491,0.39398133754730225
2492,0.39398133754730225
2493,0.5134171843528748
2494,0.5134171843528748
2495,0.28453463315963745
2496,0.4657653868198395
2497,0.443457692861557
2498,0.45173975825309753
2499,0.3196059763431549
2500,0.36588916182518005
2501,0.4590874910354614
2502,0.45688125491142273
2503,0.4340928792953491
2504,0.39721181988716125
2505,0.44629040360450745
2506,0.3645379841327667
2507,0.34398505091667175
2508,0.33596673607826233
2509,0.4485093653202057
2510,0.33368998765945435
2511,0.33257997035980225
2512,0.4504833221435547
2513,0.2786920666694641
2514,0.27881401777267456
2515,0.2787792682647705
2516,0.2784811556339264
2517,0.23587609827518463
2518,0.17518669366836548
2519,0.44373029470443726
2520,0.4491274952888489
2521,0.4525982439517975
2522,0.4550587236881256
2523,0.4572276175022125
2524,0.45928892493247986
2525,0.4699879586696625
2526,0.4716632664203644
2527,0.284602552652359
2528,0.27982544898986816
2529,0.46876025199890137
2530,0.34610995650291443
2531,0.47185367345809937
2532,0.47346192598342896
2533,0.27225202322006226
2534,0.43232738971710205
2535,0.3545225262641907
2536,0.3724149167537689
2537,0.38327857851982117
2538,0.4413144290447235
2539,0.44338488578796387
2540,0.39716067910194397
2541,0.3993449807167053
2542,0.4016248881816864
2543,0.3941376209259033
2544,0.3959527313709259
2545,0.397582471370697
2546,0.3990062177181244
2547,0.4002382457256317
2548,0.39285537600517273
2549,0.3013632297515869
2550,0.36588194966316223
2551,0.34358713030815125
2552,0.3310779333114624
2553,0.33216583728790283
2554,0.3331269919872284
2555,0.3340204954147339
2556,0.33487099409103394
2557,0.33565008640289307
2558,0.23910434544086456
2559,0.22926369309425354
2560,0.27599164843559265
2561,0.2683887183666229
2562,0.3383038341999054
2563,0.2234647572040558
2564,0.22399768233299255
2565,0.2378620207309723
2566,0.23827381432056427
2567,0.20548081398010254
2568,0.2606097161769867
2569,0.21933408081531525
2570,0.21577505767345428
2571,0.2148495614528656
2572,0.2103167474269867
2573,0.1828525960445404
2574,0.1630949229001999
2575,0.16244307160377502
2576,0.17821793258190155
2577,0.2097451388835907
2578,0.22925423085689545
2579,0.16505147516727448
2580,0.2687228322029114
2581,0.29318955540657043
2582,0.2862010598182678
2583,0.30186745524406433
2584,0.29463398456573486
2585,0.33544281125068665
2586,0.323580265045166
2587,0.3257478177547455
2588,0.3097462058067322
2589,0.31161436438560486
2590,0.3105243742465973
2591,0.30312851071357727
2592,0.2594186067581177
2593,0.15630075335502625
2594,0.15351177752017975
2595,0.2989027202129364
2596,0.29015928506851196
2597,0.2606242895126343
2598,0.25399577617645264
2599,0.2560144364833832
2600,0.2544650435447693
2601,0.25555601716041565
2602,0.2568718194961548
2603,0.23308558762073517
2604,0.24842719733715057
2605,0.2516176998615265
2606,0.266530305147171
2607,0.25174590945243835
2608,0.2520008385181427
2609,0.2642735242843628
2610,0.20205694437026978
2611,0.23067618906497955
2612,0.21312260627746582
2613,0.1632107049226761
2614,0.2345106303691864
2615,0.16874419152736664
2616,0.21590809524059296
2617,0.1872086375951767
2618,0.24001364409923553
2619,0.2196890264749527
2620,0.3083878755569458
2621,0.3123895227909088
2622,0.2712843716144562
2623,0.32182249426841736
2624,0.4009546935558319
2625,0.41374388337135315
2626,0.3363385796546936
2627,0.34633228182792664
2628,0.31584224104881287
2629,0.3564412295818329
2630,0.37672582268714905
2631,0.37762537598609924
2632,0.4072232246398926
2633,0.391919881105423
2634,0.30346179008483887
2635,0.4756014347076416
2636,0.30852511525154114
2637,0.43805453181266785
2638,0.3627915382385254
2639,0.5350484848022461
2640,0.505743145942688
2641,0.38602128624916077
2642,0.528631865978241
2643,0.5099915266036987
2644,0.3950310945510864
2645,0.40067058801651
2646,0.570853054523468
2647,0.4675096869468689
2648,0.5651792883872986
2649,0.4763832986354828
2650,0.48851314187049866
2651,0.5827944278717041
2652,0.5172502398490906
2653,0.5699052810668945
2654,0.4072349965572357
2655,0.48825109004974365
2656,0.465846449136734
2657,0.438163697719574
2658,0.41952958703041077
2659,0.5271086692810059
2660,0.5045832395553589
2661,0.4633161127567291
2662,0.45033693313598633
2663,0.46960288286209106
2664,0.42235928773880005
2665,0.4694502651691437
2666,0.4339958727359772
2667,0.38594910502433777
2668,0.38271501660346985
2669,0.3400173485279083
2670,0.3549816906452179
2671,0.3667989671230316
2672,0.3303859531879425
2673,0.4081215262413025
2674,0.40715137124061584
2675,0.4550796151161194
2676,0.47116905450820923
2677,0.4354704022407532
2678,0.3069433569908142
2679,0.47789499163627625
2680,0.44648104906082153
2681,0.451032817363739
2682,0.32083579897880554
2683,0.40662258863449097
2684,0.366403192281723
2685,0.2513481676578522
2686,0.2721695601940155
2687,0.4639541208744049
2688,0.4790564179420471
2689,0.4402273893356323
2690,0.44345521926879883
2691,0.4218122363090515
2692,0.41834956407546997
2693,0.4437709450721741
2694,0.41829633712768555
2695,0.44920966029167175
2696,0.37321195006370544
2697,0.3309403359889984
2698,0.33097851276397705
2699,0.3484625816345215
2700,0.33224543929100037
2701,0.3525126874446869
2702,0.3342912197113037
2703,0.30454716086387634
2704,0.3232980966567993
2705,0.2647114396095276
2706,0.23706406354904175
2707,0.3116700053215027
2708,0.3072049915790558
2709,0.37208789587020874
2710,0.4185514450073242
2711,0.39668983221054077
2712,0.4728330969810486
2713,0.4817405045032501
2714,0.33188584446907043
2715,0.32540225982666016
2716,0.3402121663093567
2717,0.34269198775291443
2718,0.41791337728500366
2719,0.4409230053424835
2720,0.42850327491760254
2721,0.32613900303840637
2722,0.2903348207473755
2723,0.40361887216567993
2724,0.31720396876335144
2725,0.2126157134771347
2726,0.14852742850780487
2727,0.19706276059150696
2728,0.26710107922554016
2729,0.18696004152297974
2730,0.10229668766260147
2731,0.11712208390235901
2732,0.13402803242206573
2733,0.14340782165527344
2734,0.11568747460842133
2735,0.3396766781806946
2736,0.26349279284477234
2737,0.2806854844093323
2738,0.3058927655220032
2739,0.2899337112903595
2740,0.27224376797676086
2741,0.20684191584587097
2742,0.16476644575595856
2743,0.17830169200897217
2744,0.17804203927516937
2745,0.1442570984363556
2746,0.18264828622341156
2747,0.14074362814426422
2748,0.2237110435962677
2749,0.2803805470466614
2750,0.22997403144836426
2751,0.19754382967948914
2752,0.21562637388706207
2753,0.310761958360672
2754,0.24528972804546356
2755,0.32327181100845337
2756,0.2618372142314911
2757,0.28230324387550354
2758,0.19104859232902527
2759,0.21115517616271973
2760,0.22611179947853088
2761,0.319155216217041
2762,0.24676169455051422
2763,0.29493606090545654
2764,0.2132161259651184
2765,0.16284535825252533
2766,0.23148146271705627
2767,0.27030569314956665
2768,0.29282286763191223
2769,0.18538227677345276
2770,0.21397456526756287
2771,0.17273057997226715
2772,0.1770060509443283
2773,0.17315104603767395
2774,0.2093714326620102
2775,0.21375946700572968
2776,0.18437300622463226
2777,0.24350938200950623
2778,0.21463558077812195
2779,0.16219152510166168
2780,0.23692072927951813
2781,0.26237133145332336
2782,0.21415868401527405
2783,0.2503815293312073
2784,0.19306151568889618
2785,0.2127983570098877
2786,0.20044708251953125
2787,0.2011614888906479
2788,0.20285816490650177
2789,0.2484607696533203
2790,0.2038685530424118
2791,0.2035330832004547
2792,0.2493624985218048
2793,0.28466862440109253
2794,0.29737985134124756
2795,0.2958589792251587
2796,0.3381614685058594
2797,0.32764607667922974
2798,0.1491326242685318
2799,0.42772945761680603
2800,0.3856407403945923
2801,0.38957080245018005
2802,0.4424709975719452
2803,0.4682873785495758
2804,0.453155517578125
2805,0.3552361726760864
2806,0.44945886731147766
2807,0.38137754797935486
2808,0.3700404167175293
2809,0.37862008810043335
2810,0.4682850241661072
2811,0.48890984058380127
2812,0.4937106966972351
2813,0.3788764774799347
2814,0.41299331188201904
2815,0.4778522253036499
2816,0.37437576055526733
2817,0.40500974655151367
2818,0.428519606590271
2819,0.33944323658943176
2820,0.3485836982727051
2821,0.36736613512039185
2822,0.28575241565704346
2823,0.36574476957321167
2824,0.31143611669540405
2825,0.3727298974990845
2826,0.2883870601654053
2827,0.38351741433143616
2828,0.4222116768360138
2829,0.2721109688282013
2830,0.3065292239189148
2831,0.28321921825408936
2832,0.2920873463153839
2833,0.2734185755252838
2834,0.3365449011325836
2835,0.3703610301017761
2836,0.2754775285720825
2837,0.3591349720954895
2838,0.36984676122665405
2839,0.4309185743331909
2840,0.4638795852661133
2841,0.39192894101142883
2842,0.30440080165863037
2843,0.38960087299346924
2844,0.2561691105365753
2845,0.288526326417923
2846,0.2819302976131439
2847,0.28470876812934875
2848,0.2613108456134796
2849,0.21593548357486725
2850,0.29246532917022705
2851,0.2875886559486389
2852,0.25322070717811584
2853,0.28335410356521606
2854,0.16554680466651917
2855,0.23866219818592072
2856,0.21721182763576508
2857,0.2423592358827591
2858,0.16806969046592712
2859,0.1500387191772461
2860,0.12857386469841003
2861,0.25973597168922424
2862,0.19588471949100494
2863,0.21028542518615723
2864,0.20167474448680878
2865,0.19242148101329803
2866,0.10444355756044388
2867,0.09787951409816742
2868,0.17120154201984406
2869,0.16177038848400116
2870,0.21955731511116028
2871,0.1337990015745163
2872,0.16657234728336334
2873,0.1399393081665039
2874,0.1317049115896225
2875,0.22993847727775574
2876,0.3511632978916168
2877,0.3812764286994934
2878,0.335256427526474
2879,0.43813639879226685
2880,0.4116920232772827
2881,0.3895067870616913
2882,0.4081557095050812
2883,0.34513741731643677
2884,0.4057132303714752
2885,0.3264927566051483
2886,0.34138548374176025
2887,0.45627424120903015
2888,0.49646222591400146
2889,0.45403069257736206
2890,0.37301573157310486
2891,0.24937494099140167
2892,0.2548931837081909
2893,0.3766256272792816
2894,0.43547186255455017
2895,0.39075127243995667
2896,0.35513201355934143
2897,0.3159294128417969
2898,0.3106878697872162
2899,0.39619556069374084
2900,0.3092883229255676
2901,0.18167757987976074
2902,0.25979501008987427
2903,0.3381703794002533
2904,0.4304965138435364
2905,0.36653169989585876
2906,0.4239785075187683
2907,0.43370264768600464
2908,0.3815964460372925
2909,0.3469274938106537
2910,0.3241308331489563
2911,0.295543372631073
2912,0.34627965092658997
2913,0.20765729248523712
2914,0.2942821681499481
2915,0.2360307276248932
2916,0.2072673738002777
2917,0.24403882026672363
2918,0.2659114897251129
2919,0.23767557740211487
2920,0.26537269353866577
2921,0.22816690802574158
2922,0.22638541460037231
2923,0.2527701258659363
2924,0.2750028967857361
2925,0.2692876160144806
2926,0.3362486958503723
2927,0.3246297836303711
2928,0.3058851957321167
2929,0.3010757565498352
2930,0.2989806830883026
2931,0.2953300476074219
2932,0.3149316608905792
2933,0.3222768008708954
2934,0.2507052719593048
2935,0.29711565375328064
2936,0.25780990719795227
2937,0.29300546646118164
2938,0.30016693472862244
2939,0.29046791791915894
2940,0.2515949010848999
2941,0.29407960176467896
2942,0.2585887014865875
2943,0.2685548961162567
2944,0.25869014859199524
2945,0.24492421746253967
2946,0.2351023256778717
2947,0.2449190616607666
2948,0.2336593121290207
2949,0.23471729457378387
2950,0.17738120257854462
2951,0.19285345077514648
2952,0.18551577627658844
2953,0.1692817658185959
2954,0.15093068778514862
2955,0.17821119725704193
2956,0.22663061320781708
2957,0.23395954072475433
2958,0.2453799992799759
2959,0.24059522151947021
2960,0.19315578043460846
2961,0.17096684873104095
2962,0.18975260853767395
2963,0.1875203400850296
2964,0.2499275803565979
2965,0.24650374054908752
2966,0.3030007779598236
2967,0.38463473320007324
2968,0.3747096657752991
2969,0.46497875452041626
2970,0.4408755600452423
2971,0.4579636752605438
2972,0.41098058223724365
2973,0.3546696901321411
2974,0.3599187135696411
2975,0.3260897397994995
2976,0.32030820846557617
2977,0.4764708876609802
2978,0.5090594291687012
2979,0.5169181823730469
2980,0.5079526305198669
2981,0.3889854848384857
2982,0.4390248656272888
2983,0.39781177043914795
2984,0.46785247325897217
2985,0.4715476334095001
2986,0.44570139050483704
2987,0.5365108847618103
2988,0.35613954067230225
2989,0.3233172297477722
2990,0.46782708168029785
2991,0.32821857929229736
2992,0.45317593216896057
2993,0.6816731095314026
2994,0.6532526612281799
2995,0.6915023922920227
2996,0.6277382969856262
2997,0.4752027988433838
2998,0.5428059101104736
2999,0.5908081531524658
3000,0.6584283113479614
3001,0.43699911236763
3002,0.4735594093799591
3003,0.36324524879455566
3004,0.40374091267585754
3005,0.46761974692344666
3006,0.4935460090637207
3007,0.44461318850517273
3008,0.33990147709846497
3009,0.36269813776016235
3010,0.438014417886734
3011,0.14053814113140106
3012,0.45202746987342834
3013,0.5456287264823914
3014,0.40414372086524963
3015,0.4053564667701721
3016,0.2752712368965149
3017,0.2832196056842804
3018,0.49591153860092163
3019,0.47197481989860535
3020,0.5104416608810425
3021,0.28152719140052795
3022,0.3847271800041199
3023,0.453451007604599
3024,0.4114782512187958
3025,0.4167829155921936
3026,0.4431003928184509
3027,0.31885841488838196
3028,0.45362377166748047
3029,0.27626073360443115
3030,0.4507984519004822
3031,0.33626532554626465
3032,0.3175310492515564
3033,0.20713944733142853
3034,0.3461192846298218
3035,0.36633503437042236
3036,0.3343375027179718
3037,0.3193090856075287
3038,0.3705585300922394
3039,0.20078550279140472
3040,0.2587924599647522
3041,0.13122262060642242
3042,0.0
3043,0.1152978464961052
3044,0.035673998296260834
3045,0.0
3046,0.0
3047,0.1588934063911438
3048,0.25164303183555603
3049,0.1956159919500351
3050,0.21590206027030945
3051,0.2595878541469574
3052,0.25001809000968933
3053,0.16261130571365356
3054,0.12911120057106018
3055,0.20300590991973877
3056,0.12687948346138
3057,0.22165019810199738
3058,0.2510407269001007
3059,0.3210774064064026
3060,0.2972443699836731
3061,0.31588923931121826
3062,0.4095683991909027
3063,0.36582592129707336
3064,0.24669253826141357
3065,0.4241231679916382
3066,0.37555256485939026
3067,0.36388903856277466
3068,0.20501315593719482
3069,0.2493751496076584
3070,0.27833452820777893
3071,0.2531125545501709
3072,0.1899814009666443
3073,0.20801083743572235
3074,0.1887001097202301
3075,0.3229904770851135
3076,0.37285810708999634
3077,0.27967706322669983
3078,0.28543731570243835
3079,0.23331159353256226
3080,0.31505435705184937
3081,0.3315126597881317
3082,0.3049037456512451
3083,0.23582790791988373
3084,0.2565400302410126
3085,0.4838795065879822
3086,0.42819133400917053
3087,0.42690569162368774
3088,0.4878123998641968
3089,0.4661451578140259
3090,0.5223574042320251
3091,0.34538865089416504
3092,0.29638057947158813
3093,0.3079313635826111
3094,0.26359742879867554
3095,0.21160639822483063
3096,0.23253078758716583
3097,0.12590165436267853
3098,0.4227374196052551
3099,0.3640208840370178
3100,0.43070274591445923
3101,0.4455757141113281
3102,0.37399840354919434
3103,0.45649659633636475
3104,0.46492359042167664
3105,0.20753493905067444
3106,0.3334011435508728
3107,0.29539817571640015
3108,0.22112567722797394
3109,0.25915297865867615
3110,0.3572850823402405
3111,0.5535613298416138
3112,0.5132719874382019
3113,0.5063334703445435
3114,0.49902060627937317
3115,0.4839348793029785
3116,0.3329460322856903
3117,0.56046062707901
3118,0.4178685247898102
3119,0.2194213569164276
3120,0.35416939854621887
3121,0.13122262060642242
3122,0.035673994570970535
3123,0.5134171843528748
3124,0.46738171577453613
3125,0.51341712474823
3126,0.51341712474823
3127,0.5134171843528748
3128,0.5048928260803223
3129,0.51341712474823
3130,0.4178685247898102
3131,0.3873317241668701
3132,0.7333376407623291
3133,0.600597620010376
3134,0.47176802158355713
3135,0.4102402627468109
3136,0.5064436793327332
3137,0.37950238585472107
3138,0.3895986080169678
3139,0.35886406898498535
3140,0.5142207741737366
3141,0.35898977518081665
3142,0.5151850581169128
3143,0.2992640733718872
3144,0.322319895029068
3145,0.2742252051830292
3146,0.3281763195991516
3147,0.5340177416801453
3148,0.4981636703014374
3149,0.5630738735198975
3150,0.4868582487106323
3151,0.304127037525177
3152,0.4587494730949402
3153,0.5003504753112793
3154,0.49034205079078674
3155,0.5060266256332397
3156,0.2906152606010437
3157,0.46867725253105164
3158,0.44242265820503235
3159,0.4802844822406769
3160,0.4279002249240875
3161,0.5053493976593018
3162,0.42256778478622437
3163,0.36899706721305847
3164,0.37263181805610657
3165,0.4463617503643036
3166,0.36355501413345337
3167,0.29569217562675476
3168,0.33889588713645935
3169,0.32360899448394775
3170,0.39524972438812256
3171,0.3919666111469269
3172,0.4647955000400543
3173,0.4446476101875305
3174,0.25795480608940125
3175,0.35523101687431335
3176,0.338626891374588
3177,0.22781279683113098
3178,0.26077374815940857
3179,0.24953842163085938
3180,0.15367922186851501
3181,0.2528808116912842
3182,0.21984726190567017
3183,0.21228155493736267
3184,0.2173893302679062
3185,0.3347319960594177
3186,0.23547229170799255
3187,0.1701848804950714
3188,0.17360103130340576
3189,0.26064664125442505
3190,0.2574777901172638
3191,0.2515251040458679
3192,0.2434348165988922
3193,0.1893661469221115
3194,0.2094240039587021
3195,0.23413173854351044
3196,0.2663901448249817
3197,0.11387944221496582
3198,0.1791531890630722
3199,0.09569848328828812
3200,0.16023221611976624
3201,0.15341363847255707
3202,0.14648477733135223
3203,0.1485273241996765
3204,0.14035077393054962
3205,0.13656416535377502
3206,0.13154219090938568
3207,0.12676884233951569
3208,0.117324598133564
3209,0.11255396157503128
3210,0.07971857488155365
3211,0.08516377210617065
3212,0.08101615309715271
3213,0.0663342997431755
3214,0.06968953460454941
3215,0.04137347638607025
3216,0.0
3217,0.0
3218,0.0
3219,0.04237227886915207
3220,0.04194500297307968
3221,0.04194500297307968
3222,0.03887655586004257
3223,0.0
3224,0.03867090493440628
3225,0.0
3226,0.035673994570970535
3227,0.0
3228,0.0
3229,0.0
3230,0.0
3231,0.0
3232,0.0
3233,0.0
3234,0.0
3235,0.0
3236,0.0
3237,0.0
3238,0.0
3239,0.0
3240,0.0
3241,0.0
3242,0.0
3243,0.0
3244,0.0
3245,0.0
3246,0.0
3247,0.0
3248,1.0
3249,1.0
3250,1.0
3251,1.0
3252,1.0
3253,1.0
3254,1.0
3255,1.0
3256,1.0
3257,1.0
3258,1.0
3259,0.7567086219787598
3260,0.7567086219787598
3261,1.0
3262,1.0
3263,0.7317922115325928
3264,1.0
3265,0.6888940334320068
3266,0.51341712474823
3267,0.035673994570970535
3268,0.38405829668045044
3269,0.39530688524246216
3270,0.38072219491004944
3271,0.0
3272,0.3818894624710083
3273,0.3960459530353546
3274,0.3041607439517975
3275,0.3983713388442993
3276,0.40747904777526855
3277,0.4153379201889038
3278,0.4216046929359436
3279,0.42596399784088135
3280,0.4262393116950989
3281,0.4104563593864441
3282,0.4104563593864441
3283,0.4104563593864441
3284,0.4262393116950989
3285,0.4262393116950989
3286,0.4269143342971802
3287,0.423630952835083
3288,0.4401510953903198
3289,0.444194495677948
3290,0.4482156038284302
3291,0.4514799416065216
3292,0.4298957288265228
3293,0.3867124915122986
3294,0.3860829770565033
3295,0.384814590215683
3296,0.3542023301124573
3297,0.41542160511016846
3298,0.3826013505458832
3299,0.3804223835468292
3300,0.41717562079429626
3301,0.48814067244529724
3302,0.4131096303462982
3303,0.40773501992225647
3304,0.26306307315826416
3305,0.440320760011673
3306,0.42912665009498596
3307,0.40246158838272095
3308,0.37513092160224915
3309,0.32999739050865173
3310,0.51341712474823
3311,0.035673994570970535
3312,0.18929173052310944
3313,0.0819699764251709
3314,0.27185314893722534
3315,0.441917359828949
3316,0.0
3317,0.4089111387729645
3318,0.3772393763065338
3319,0.3476068675518036
3320,0.3201800584793091
3321,0.21111491322517395
3322,0.0806974470615387
3323,0.12382644414901733
3324,0.12176869064569473
3325,0.12010066956281662
3326,0.035673994570970535
3327,0.11650247871875763
3328,0.11274456232786179
3329,0.10943186283111572
3330,0.16588430106639862
3331,0.14889948070049286
3332,0.09963011741638184
3333,0.13708823919296265
3334,0.06304308772087097
3335,0.2754628360271454
3336,0.3944399654865265
3337,0.7513191103935242
3338,0.51341712474823
3339,0.0
3340,0.3571159839630127
3341,0.396191269159317
3342,0.5755742788314819
3343,0.5178370475769043
3344,1.0
3345,1.0
3346,1.0
3347,0.32408782839775085
3348,1.0
3349,0.3571159839630127
3350,1.0
3351,0.6350628137588501
3352,0.5148904323577881
3353,0.37818193435668945
3354,0.0953918844461441
3355,0.51341712474823
3356,0.51341712474823
3357,0.19492168724536896
3358,0.0
3359,0.0
3360,0.6092642545700073
3361,0.0
3362,0.0
3363,0.3771323263645172
3364,0.51341712474823
3365,0.5923131108283997
3366,0.0
3367,0.3493184447288513
3368,1.0
3369,0.0
3370,0.10221719741821289
3371,0.6347682476043701
3372,0.15621474385261536
3373,0.3491167426109314
3374,0.32376307249069214
3375,0.209989994764328
3376,1.0
3377,0.3179765045642853
3378,0.43105998635292053
3379,0.25651395320892334
3380,0.24110043048858643
3381,0.3715706765651703
3382,1.0
3383,0.13122262060642242
3384,0.3985394835472107
3385,0.5189073085784912
3386,0.51341712474823
3387,0.4277726411819458
3388,0.5984458923339844
3389,0.5874232649803162
3390,0.5893278121948242
3391,0.36795997619628906
3392,0.37935736775398254
3393,0.4319716989994049
3394,0.3226386308670044
3395,0.376701682806015
3396,0.5119713544845581
3397,0.379846453666687
3398,0.4033823013305664
3399,0.41029682755470276
3400,0.36784183979034424
3401,0.28256362676620483
3402,0.49626344442367554
3403,0.4804048538208008
3404,0.4267907738685608
3405,0.3869728744029999
3406,0.4105142056941986
3407,0.282239705324173
3408,0.3061661422252655
3409,0.3724104166030884
3410,0.36608096957206726
3411,0.49574151635169983
3412,0.47264567017555237
3413,0.21235452592372894
3414,0.28341397643089294
3415,0.1820198893547058
3416,0.15210723876953125
3417,0.4093113839626312
3418,0.239838644862175
3419,0.22167164087295532
3420,0.3393630087375641
3421,0.3259017765522003
3422,0.15027335286140442
3423,0.42788761854171753
3424,0.4498845636844635
3425,0.34564241766929626
3426,0.31491580605506897
3427,0.43037477135658264
3428,0.31939658522605896
3429,0.2182677686214447
3430,0.3951593339443207
3431,0.3712162971496582
3432,0.3645405173301697
3433,0.32010284066200256
3434,0.2639090120792389
3435,0.3546082675457001
3436,0.3315967917442322
3437,0.23651567101478577
3438,0.21034112572669983
3439,0.21040385961532593
3440,0.2062964141368866
3441,0.11844369769096375
3442,0.20043905079364777
3443,0.23034429550170898
3444,0.17785176634788513
3445,0.26470261812210083
3446,0.14754106104373932
3447,0.20148932933807373
3448,0.10843758285045624
3449,0.1853630542755127
3450,0.15380915999412537
3451,0.23342956602573395
3452,0.22223138809204102
3453,0.2216569036245346
3454,0.21399390697479248
3455,0.19521984457969666
3456,0.10655107349157333
3457,0.11653375625610352
3458,0.14819978177547455
3459,0.1528238207101822
3460,0.16072048246860504
3461,0.16061002016067505
3462,0.15980884432792664
3463,0.12594439089298248
3464,0.1668601930141449
3465,0.17150337994098663
3466,0.12724143266677856
3467,0.21820004284381866
3468,0.24115131795406342
3469,0.23225048184394836
3470,0.2278810292482376
3471,0.23940744996070862
3472,0.23225930333137512
3473,0.24921756982803345
3474,0.22600528597831726
3475,0.21993179619312286
3476,0.25288495421409607
3477,0.2606312334537506
3478,0.22963891923427582
3479,0.24031972885131836
3480,0.23952551186084747
3481,0.2817094922065735
3482,0.23740093410015106
3483,0.20017634332180023
3484,0.26180300116539
3485,0.2872786521911621
3486,0.2867867052555084
3487,0.2852739095687866
3488,0.25312724709510803
3489,0.20658765733242035
3490,0.19271798431873322
3491,0.19867081940174103
3492,0.19052423536777496
3493,0.17209354043006897
3494,0.15649662911891937
3495,0.17231743037700653
3496,0.16989518702030182
3497,0.12778635323047638
3498,0.14611384272575378
3499,0.17191898822784424
3500,0.18845891952514648
3501,0.13991884887218475
3502,0.15615804493427277
3503,0.2739666700363159
3504,0.26662537455558777
3505,0.17005655169487
3506,0.18976527452468872
3507,0.17115117609500885
3508,0.1927212029695511
3509,0.15896062552928925
3510,0.25894230604171753
3511,0.25902026891708374
3512,0.23033292591571808
3513,0.23616056144237518
3514,0.24501048028469086
3515,0.25009095668792725
3516,0.2580195963382721
3517,0.29094094038009644
3518,0.32534587383270264
3519,0.2637217342853546
3520,0.27004343271255493
3521,0.3035795986652374
3522,0.30102303624153137
3523,0.2632381319999695
3524,0.2577711343765259
3525,0.2508244216442108
3526,0.23962678015232086
3527,0.2213565707206726
3528,0.09199050068855286
3529,0.16497737169265747
3530,0.16171467304229736
3531,0.18781030178070068
3532,0.12368877977132797
3533,0.15500885248184204
3534,0.20117053389549255
3535,0.19741839170455933
3536,0.1351304054260254
3537,0.11282087117433548
3538,0.13365373015403748
3539,0.20573246479034424
3540,0.21313484013080597
3541,0.20355947315692902
3542,0.19654127955436707
3543,0.08640532940626144
3544,0.09150933474302292
3545,0.09049815684556961
3546,0.11053554713726044
3547,0.09357426315546036
3548,0.10559116303920746
3549,0.1031460389494896
3550,0.1007532924413681
3551,0.09836972504854202
3552,0.035673994570970535
3553,0.0
3554,0.0
3555,0.0
3556,0.0
3557,0.0
3558,0.0
3559,0.0
3560,0.0
3561,0.0
3562,0.0
3563,0.0
3564,0.0
3565,0.0
3566,0.0
3567,0.035673994570970535
3568,0.035673994570970535
3569,0.0
3570,0.0
3571,0.0
3572,0.0
3573,0.0
3574,0.0
3575,0.0
3576,0.0
3577,0.0
3578,0.0
3579,0.51341712474823
3580,0.0
3581,0.4112940728664398
3582,0.0
3583,0.51341712474823
3584,0.51341712474823
3585,0.035673994570970535
3586,0.04218631610274315
3587,0.0
3588,0.0378931425511837
3589,0.0
3590,0.038372885435819626
3591,0.03763904422521591
3592,0.03807738795876503
3593,0.0
3594,0.037720609456300735
3595,0.0
3596,0.0
3597,0.0
3598,0.0
3599,0.0
3600,0.0
3601,0.03717227652668953
3602,0.0
3603,0.0
3604,0.0
3605,0.0
3606,0.0
3607,0.035673998296260834
3608,0.0
3609,0.0
3610,0.0
3611,0.0
3612,0.0
3613,0.0
3614,0.0
3615,0.0
3616,0.0
3617,0.0
3618,0.0
3619,0.0
3620,0.0
3621,0.0
3622,0.0
3623,0.0
3624,0.0
3625,0.0
3626,0.0
3627,0.0
3628,0.0
3629,0.0
3630,0.0
3631,0.0
3632,0.03803737089037895
3633,0.038034744560718536
3634,0.038034744560718536
3635,0.0
3636,0.035673998296260834
3637,0.0
3638,0.0
3639,0.0
3640,0.0
3641,0.0
3642,0.0
3643,0.0
3644,0.0
3645,0.0
3646,0.0
3647,0.0
3648,0.0
3649,0.0
3650,0.0
3651,0.0
3652,0.0
3653,0.0
3654,0.0
3655,0.0
3656,0.0
3657,0.3350631296634674
3658,0.13555221259593964
3659,0.0
3660,0.0
3661,0.0
3662,0.0
3663,0.0
3664,0.0
3665,0.0
3666,0.14876626431941986
3667,0.06623915582895279
3668,0.0
3669,0.0
3670,0.0
3671,0.0
3672,0.0
3673,0.0
3674,0.23174288868904114
3675,0.11068273335695267
3676,0.03981652110815048
3677,0.035673998296260834
3678,0.039150502532720566
3679,0.065836101770401
3680,0.06364824622869492
3681,0.0
3682,0.0
3683,0.0
3684,0.0
3685,0.1439313441514969
3686,0.1528480499982834
3687,0.1703733503818512
3688,0.22321684658527374
3689,0.25400611758232117
3690,0.39398133754730225
3691,0.4724416732788086
3692,0.6947102546691895
3693,0.4745848476886749
3694,0.3559355139732361
3695,0.0997861847281456
3696,0.7775489687919617
3697,0.3696672320365906
3698,0.462446004152298
3699,0.35416939854621887
3700,0.3291938900947571
3701,0.27144256234169006
3702,0.49485689401626587
3703,0.5157805681228638
3704,0.36293691396713257
3705,0.04526318982243538
3706,0.44416892528533936
3707,0.33141353726387024
3708,0.5134171843528748
3709,0.51341712474823
3710,0.5134171843528748
3711,0.51341712474823
3712,0.3550105690956116
3713,0.34467563033103943
3714,0.1890842318534851
3715,0.36275583505630493
3716,0.3349620997905731
3717,0.3610762655735016
3718,0.34538760781288147
3719,0.29358500242233276
3720,0.3058900535106659
3721,0.31189343333244324
3722,0.29460856318473816
3723,0.22339841723442078
3724,0.26726409792900085
3725,0.29536476731300354
3726,0.32611408829689026
3727,0.24964074790477753
3728,0.317947119474411
3729,0.15791019797325134
3730,0.36061325669288635
3731,0.1731601059436798
3732,0.13290603458881378
3733,0.15041643381118774
3734,0.18998771905899048
3735,0.09432580322027206
3736,0.0
3737,0.03775399923324585
3738,0.035673994570970535
3739,0.17285598814487457
3740,0.2392061948776245
3741,0.34243083000183105
3742,0.24241416156291962
3743,0.3556254804134369
3744,0.0
3745,0.51341712474823
3746,0.6350369453430176
3747,0.6350369453430176
3748,0.6350369453430176
3749,0.35416939854621887
3750,0.51341712474823
3751,0.51341712474823
3752,0.2745455503463745
3753,0.51341712474823
3754,0.35416945815086365
3755,0.35416945815086365
3756,0.35510268807411194
3757,0.8014329671859741
3758,0.5616481900215149
3759,0.20653274655342102
3760,0.6882851123809814
3761,0.5676252841949463
3762,0.5139573216438293
3763,0.32465192675590515
3764,0.5129032731056213
3765,0.3456254005432129
3766,0.382026344537735
3767,0.23061418533325195
3768,0.42950358986854553
3769,0.26915809512138367
3770,0.23992452025413513
3771,0.24524188041687012
3772,0.14263907074928284
3773,0.1152978464961052
3774,0.035673998296260834
3775,0.035673994570970535
3776,0.0
3777,0.0
3778,0.0
3779,0.035673998296260834
3780,0.0
3781,0.0
3782,0.0
3783,0.0
3784,0.0
3785,0.8213011026382446
3786,0.9106505513191223
3787,0.9106505513191223
3788,0.9106505513191223
3789,0.9106505513191223
3790,0.756708562374115
3791,0.756708562374115
3792,0.756708562374115
3793,0.756708562374115
3794,0.6756114363670349
3795,0.6756114363670349
3796,0.6756114363670349
3797,0.6756114363670349
3798,0.6756114363670349
3799,0.6756114363670349
3800,0.6756114363670349
3801,0.35416945815086365
3802,0.5134171843528748
3803,0.1460338681936264
3804,0.35416939854621887
3805,0.4830330014228821
3806,0.308263897895813
3807,0.035673994570970535
3808,0.0
3809,0.0
3810,0.0
3811,0.0
3812,0.0
3813,0.48120784759521484
3814,0.4606833755970001
3815,0.40195637941360474
3816,0.4558221995830536
3817,0.4558221995830536
3818,0.4486732482910156
3819,0.4635607898235321
3820,0.4318805932998657
3821,0.4291689097881317
3822,0.42636898159980774
3823,0.3173362612724304
3824,0.37220174074172974
3825,0.0
3826,0.0
3827,0.36354464292526245
3828,0.0
3829,0.035673994570970535
3830,0.0
3831,0.0
3832,0.0
3833,0.0
3834,0.0
3835,0.0
3836,0.0
3837,0.0
3838,0.0
3839,0.0
3840,0.0
3841,0.0
3842,0.0
3843,0.0
3844,0.0
3845,0.0
3846,0.0
3847,0.0
3848,0.0
3849,0.0
3850,0.0
3851,0.0
3852,0.0
3853,0.0
3854,0.0
3855,0.0
3856,0.0
3857,0.0
3858,0.0
3859,0.0
3860,0.0
3861,0.0
3862,0.0
3863,0.0
3864,0.0
3865,0.0
3866,0.0
3867,0.0
3868,0.0
3869,0.0
3870,0.0
3871,0.0
3872,0.0
3873,0.0
3874,0.0
3875,0.0
3876,0.0
3877,0.0
3878,0.0
3879,0.0
3880,0.0
3881,0.0
3882,0.0
3883,0.0
3884,0.0
3885,0.0
3886,0.0
3887,0.0
3888,0.0
3889,0.0
3890,0.0
3891,0.0
3892,0.0
3893,0.0
3894,0.0
3895,0.0
3896,0.0
3897,0.0
3898,0.0
3899,0.0
3900,0.0
3901,0.0
3902,0.0
3903,0.0
3904,0.0
3905,0.0
3906,0.0
3907,0.0
3908,0.0
3909,0.0
3910,0.0
3911,0.0
3912,0.0
3913,0.0
3914,0.0
3915,0.0
3916,0.0
3917,0.0
3918,0.0
3919,0.0
3920,0.0
3921,0.0
3922,0.0
3923,0.0
3924,0.0
3925,0.0
3926,0.0
3927,0.0
3928,0.0
3929,0.0
3930,0.0733722522854805
3931,0.0733722522854805
3932,0.11621018499135971
3933,0.155226930975914
3934,0.0
3935,0.035673994570970535
3936,0.0
3937,0.0
3938,0.0
3939,0.0
3940,0.0
3941,0.3903829753398895
3942,0.39983776211738586
3943,0.40887704491615295
3944,0.4171883165836334
3945,0.4246113896369934
3946,0.5334916114807129
3947,0.6189037561416626
3948,0.6258996725082397
3949,0.629770815372467
3950,0.6323402523994446
3951,0.6323402523994446
3952,0.6323402523994446
3953,0.6323402523994446
3954,0.6323402523994446
3955,0.6323402523994446
3956,0.6323402523994446
3957,0.5628284215927124
3958,0.5628284215927124
3959,0.48087891936302185
3960,0.3546140193939209
3961,0.354482501745224
3962,0.3917973041534424
3963,0.38747915625572205
3964,0.381795197725296
3965,0.34193727374076843
3966,0.3670625686645508
3967,0.40033987164497375
3968,0.17432843148708344
3969,0.19946515560150146
3970,0.19947202503681183
3971,0.19879086315631866
3972,0.1974305361509323
3973,0.19532494246959686
3974,0.19240833818912506
3975,0.1888471245765686
3976,0.18551017343997955
3977,0.18482249975204468
3978,0.18482249975204468
3979,0.18482249975204468
3980,0.18482249975204468
3981,0.18482249975204468
3982,0.1846129447221756
3983,0.1840379387140274
3984,0.18309827148914337
3985,0.18180863559246063
3986,0.18010151386260986
3987,0.1740456372499466
3988,0.17004290223121643
3989,0.04867284744977951
3990,0.06600075960159302
3991,0.15982834994792938
3992,0.16051381826400757
3993,0.15856781601905823
3994,0.15987610816955566
3995,0.1612030267715454
3996,0.16261549293994904
3997,0.1638847440481186
3998,0.17042995989322662
3999,0.16671216487884521
4000,0.16787376999855042
4001,0.16809120774269104
4002,0.16818861663341522
4003,0.17423057556152344
4004,0.17459218204021454
4005,0.13254982233047485
4006,0.13726317882537842
4007,0.13709963858127594
4008,0.12718959152698517
4009,0.13126979768276215
4010,0.12201597541570663
4011,0.1306297332048416
4012,0.19587548077106476
4013,0.23534734547138214
4014,0.22042633593082428
4015,0.2142830193042755
4016,0.19836042821407318
4017,0.255852609872818
4018,0.25619781017303467
4019,0.23371003568172455
4020,0.22888897359371185
4021,0.2702985107898712
4022,0.2626109719276428
4023,0.2657499313354492
4024,0.27046242356300354
4025,0.30661895871162415
4026,0.3177187740802765
4027,0.2715037763118744
4028,0.28041401505470276
4029,0.3651267886161804
4030,0.3944801688194275
4031,0.3350697457790375
4032,0.3222458064556122
4033,0.25518062710762024
4034,0.3023263216018677
4035,0.32873398065567017
4036,0.3875090181827545
4037,0.36818841099739075
4038,0.34795138239860535
4039,0.3405437171459198
4040,0.4337804317474365
4041,0.43400081992149353
4042,0.388088196516037
4043,0.38766947388648987
4044,0.3398536741733551
4045,0.2356952428817749
4046,0.2734229564666748
4047,0.14649097621440887
4048,0.27810412645339966
4049,0.20343394577503204
4050,0.15230821073055267
4051,0.2969872057437897
4052,0.32149413228034973
4053,0.2901873290538788
4054,0.34312891960144043
4055,0.40589457750320435
4056,0.4536464214324951
4057,0.47229886054992676
4058,0.4583278298377991
4059,0.5012567043304443
4060,0.47496330738067627
4061,0.6066327691078186
4062,0.6401532292366028
4063,0.5586758852005005
4064,0.5975974202156067
4065,0.6178882718086243
4066,0.661849319934845
4067,0.5487213134765625
4068,0.7117521166801453
4069,0.6267744302749634
4070,0.6470364928245544
4071,0.7896044254302979
4072,0.7067916989326477
4073,0.7301814556121826
4074,0.736505925655365
4075,0.7099605202674866
4076,0.6109139323234558
4077,0.6290968060493469
4078,0.6230047345161438
4079,0.5327863693237305
4080,0.6617494225502014
4081,0.6983090043067932
4082,0.6686995625495911
4083,0.6518766283988953
4084,0.6999788284301758
4085,0.652246356010437
4086,0.619213342666626
4087,0.6416125297546387
4088,0.7138347625732422
4089,0.6350659132003784
4090,0.6521514058113098
4091,0.6251921057701111
4092,0.5874342322349548
4093,0.5628007054328918
4094,0.5627312660217285
4095,0.5805066227912903
4096,0.603446900844574
4097,0.4598986804485321
4098,0.47267642617225647
4099,0.48470404744148254
4100,0.5040773749351501
4101,0.47720369696617126
4102,0.4661155045032501
4103,0.5158360600471497
4104,0.47047483921051025
4105,0.48225489258766174
4106,0.4323769509792328
4107,0.40341612696647644
4108,0.37182050943374634
4109,0.4189275801181793
4110,0.3740454316139221
4111,0.40812650322914124
4112,0.3621430993080139
4113,0.3852640986442566
4114,0.42533785104751587
4115,0.2699437737464905
4116,0.34632691740989685
4117,0.3548268973827362
4118,0.3494148552417755
4119,0.342739462852478
4120,0.30929312109947205
4121,0.30027279257774353
4122,0.21155445277690887
4123,0.30497846007347107
4124,0.3337884843349457
4125,0.30119484663009644
4126,0.29872262477874756
4127,0.26528459787368774
4128,0.29503676295280457
4129,0.24751099944114685
4130,0.2784096300601959
4131,0.2131315916776657
4132,0.2588607966899872
4133,0.2624330222606659
4134,0.2472134381532669
4135,0.21960599720478058
4136,0.23335550725460052
4137,0.24777628481388092
4138,0.2287101298570633
4139,0.24978095293045044
4140,0.24215912818908691
4141,0.25121018290519714
4142,0.2381558120250702
4143,0.22894959151744843
4144,0.22637036442756653
4145,0.24286901950836182
4146,0.20211492478847504
4147,0.24236442148685455
4148,0.28803327679634094
4149,0.29722094535827637
4150,0.3061622977256775
4151,0.29463714361190796
4152,0.3044321537017822
4153,0.3126400411128998
4154,0.3044900596141815
4155,0.2970822751522064
4156,0.2807161509990692
4157,0.2897803485393524
4158,0.2725107669830322
4159,0.3007275462150574
4160,0.2514599561691284
4161,0.27444490790367126
4162,0.1953316181898117
4163,0.24927498400211334
4164,0.24686934053897858
4165,0.2081088274717331
4166,0.3023838400840759
4167,0.29179924726486206
4168,0.2900077700614929
4169,0.2808380722999573
4170,0.28207436203956604
4171,0.25085121393203735
4172,0.2692827880382538
4173,0.2820368707180023
4174,0.24946527183055878
4175,0.2673757076263428
4176,0.25960439443588257
4177,0.26865509152412415
4178,0.25106537342071533
4179,0.20525243878364563
4180,0.26958349347114563
4181,0.16820478439331055
4182,0.2605060935020447
4183,0.27703559398651123
4184,0.25230860710144043
4185,0.24976405501365662
4186,0.25569379329681396
4187,0.28972071409225464
4188,0.2902996838092804
4189,0.2817669212818146
4190,0.2544800937175751
4191,0.27864211797714233
4192,0.2649408280849457
4193,0.26662570238113403
4194,0.27181172370910645
4195,0.2694862186908722
4196,0.22597230970859528
4197,0.34766820073127747
4198,0.30147579312324524
4199,0.3286497890949249
4200,0.27765363454818726
4201,0.36114510893821716
4202,0.40653038024902344
4203,0.3774231970310211
4204,0.4104740023612976
4205,0.3711186349391937
4206,0.32630711793899536
4207,0.3232758343219757
4208,0.38882210850715637
4209,0.36986154317855835
4210,0.3649621307849884
4211,0.3645925223827362
4212,0.37635478377342224
4213,0.3952946662902832
4214,0.28676122426986694
4215,0.3783779442310333
4216,0.3642539978027344
4217,0.3134922385215759
4218,0.4108670949935913
4219,0.38329148292541504
4220,0.401705801486969
4221,0.38075143098831177
4222,0.35756412148475647
4223,0.3208315670490265
4224,0.429503470659256
4225,0.3706555664539337
4226,0.3970000743865967
4227,0.433511883020401
4228,0.3625812828540802
4229,0.3959488272666931
4230,0.3700041174888611
4231,0.48666542768478394
4232,0.4941156208515167
4233,0.4728904664516449
4234,0.41036346554756165
4235,0.4706701636314392
4236,0.3994695246219635
4237,0.402357816696167
4238,0.32398292422294617
4239,0.2994450330734253
4240,0.34548699855804443
4241,0.3614597022533417
4242,0.471683144569397
4243,0.3726523518562317
4244,0.3389517068862915
4245,0.3195236027240753
4246,0.29502323269844055
4247,0.30174943804740906
4248,0.3990446627140045
4249,0.3560732305049896
4250,0.2610384225845337
4251,0.42067500948905945
4252,0.2717510163784027
4253,0.4796777367591858
4254,0.569496750831604
4255,0.5728901028633118
4256,0.6863939166069031
4257,0.46722400188446045
4258,0.5678427219390869
4259,0.5549576282501221
4260,0.4884324073791504
4261,0.49876829981803894
4262,0.4586259722709656
4263,0.6160594820976257
4264,0.56577068567276
4265,0.6111744046211243
4266,0.5371817350387573
4267,0.5571597218513489
4268,0.514522135257721
4269,0.4335131347179413
4270,0.318010151386261
4271,0.47096529603004456
4272,0.3810940682888031
4273,0.4766676723957062
4274,0.38312357664108276
4275,0.5134171843528748
4276,0.4742456078529358
4277,0.3530556559562683
4278,0.5731195211410522
4279,0.42488065361976624
4280,0.3531278073787689
4281,0.46806901693344116
4282,0.2359318882226944
4283,0.41308724880218506
4284,0.528196394443512
4285,0.4889094829559326
4286,0.3825642466545105
4287,0.3123296797275543
4288,0.3339206278324127
4289,0.26742616295814514
4290,0.37380871176719666
4291,0.3557608723640442
4292,0.41308724880218506
4293,0.26889848709106445
4294,0.33999523520469666
4295,0.20900534093379974
4296,0.296261191368103
4297,0.14346511662006378
4298,0.24168391525745392
4299,0.6350628137588501
4300,0.32408782839775085
4301,0.756708562374115
4302,0.7011566162109375
4303,0.8115873336791992
4304,0.7304694056510925
4305,0.9011787176132202
4306,0.8958523869514465
4307,0.8971294164657593
4308,0.8539398312568665
4309,0.4571598172187805
4310,0.3851947784423828
4311,0.26769354939460754
4312,0.33583080768585205
4313,0.2838220000267029
4314,0.3535894751548767
4315,0.38874974846839905
4316,0.39439302682876587
4317,0.2591979205608368
4318,0.3147222399711609
4319,0.5077512860298157
4320,0.5067430138587952
4321,0.4230687618255615
4322,0.29447078704833984
4323,0.5235827565193176
4324,0.43696895241737366
4325,0.40953218936920166
4326,0.3496454656124115
4327,0.2569921612739563
4328,0.5666615962982178
4329,0.24662964046001434
4330,0.21004635095596313
4331,0.48153331875801086
4332,0.41347813606262207
4333,0.4284830689430237
4334,0.3047630488872528
4335,0.3959745168685913
4336,0.46246179938316345
4337,0.4602162539958954
4338,0.36433136463165283
4339,0.3697471618652344
4340,0.5380390286445618
4341,0.4268152117729187
4342,0.42488160729408264
4343,0.43935346603393555
4344,0.3229566216468811
4345,0.5280766487121582
4346,0.25825104117393494
4347,0.506779670715332
4348,0.506720244884491
4349,0.50666743516922
4350,0.2496986836194992
4351,0.6176031827926636
4352,0.5060791969299316
4353,0.5054941177368164
4354,0.43097496032714844
4355,0.4270664155483246
4356,0.5053244829177856
4357,0.035673998296260834
4358,0.0
4359,0.0
4360,0.0
4361,0.0
4362,0.0
4363,0.0
4364,0.0
4365,0.0
4366,0.4138897955417633
4367,0.41230469942092896
4368,0.30750155448913574
4369,0.2653493583202362
4370,0.2418907880783081
4371,0.35933566093444824
4372,0.35949763655662537
4373,0.35936644673347473
4374,0.3073212504386902
4375,0.4259018898010254
4376,0.42479270696640015
4377,0.4231471121311188
4378,0.4215919077396393
4379,0.41988641023635864
4380,0.4175715446472168
4381,0.3037530779838562
4382,0.5396801233291626
4383,0.47475406527519226
4384,0.5513560771942139
4385,0.47237271070480347
4386,0.3849155604839325
4387,0.4046010971069336
4388,0.4017464220523834
4389,0.4473397135734558
4390,0.3975012004375458
4391,0.39593324065208435
4392,0.43856698274612427
4393,0.41975733637809753
4394,0.41705793142318726
4395,0.45832815766334534
4396,0.4130531847476959
4397,0.41177061200141907
4398,0.33457151055336
4399,0.29445433616638184
4400,0.2947831451892853
4401,0.2949172854423523
4402,0.2950218915939331
4403,0.2985059320926666
4404,0.29932844638824463
4405,0.3001087009906769
4406,0.30072614550590515
4407,0.30124858021736145
4408,0.30172574520111084
4409,0.302204430103302
4410,0.29447105526924133
4411,0.21107397973537445
4412,0.26153790950775146
4413,0.25013554096221924
4414,0.22071893513202667
4415,0.2633272409439087
4416,0.2598305642604828
4417,0.2567561864852905
4418,0.2466006726026535
4419,0.2566167116165161
4420,0.255886048078537
4421,0.25532272458076477
4422,0.2548956274986267
4423,0.25452202558517456
4424,0.2542293071746826
4425,0.23912416398525238
4426,0.2799130380153656
4427,0.27990835905075073
4428,0.24988824129104614
4429,0.24380528926849365
4430,0.2840455174446106
4431,0.26728007197380066
4432,0.26733261346817017
4433,0.27035796642303467
4434,0.25287601351737976
4435,0.27207767963409424
4436,0.2621798515319824
4437,0.24495819211006165
4438,0.20092806220054626
4439,0.20196892321109772
4440,0.204502671957016
4441,0.21616527438163757
4442,0.22426638007164001
4443,0.17161019146442413
4444,0.09548240154981613
4445,0.16288408637046814
4446,0.16974416375160217
4447,0.1715507209300995
4448,0.16690264642238617
4449,0.21103769540786743
4450,0.21225810050964355
4451,0.20859117805957794
4452,0.1815319061279297
4453,0.19016507267951965
4454,0.20256353914737701
4455,0.21872787177562714
4456,0.17039060592651367
4457,0.24637897312641144
4458,0.23866049945354462
4459,0.23455756902694702
4460,0.2188519537448883
4461,0.10451651364564896
4462,0.21944589912891388
4463,0.2865663468837738
4464,0.19771896302700043
4465,0.2745455503463745
4466,0.03600769117474556
4467,0.0
4468,0.51341712474823
4469,0.23967845737934113
4470,0.19514767825603485
4471,0.51341712474823
4472,0.25109151005744934
4473,0.03719813749194145
4474,0.0367622934281826
4475,0.03674862161278725
4476,0.31609228253364563
4477,0.246168851852417
4478,0.24616298079490662
4479,0.11988002061843872
4480,0.35868868231773376
4481,0.19723883271217346
4482,0.46027010679244995
4483,0.46027010679244995
4484,0.46027010679244995
4485,0.46027010679244995
4486,0.2484484314918518
4487,0.03615482151508331
4488,0.03663565218448639
4489,0.03663565218448639
4490,0.03663565218448639
4491,0.03663565218448639
4492,0.03663565218448639
4493,0.11617659032344818
4494,0.11543762683868408
4495,0.11370233446359634
4496,0.11107788234949112
4497,0.10858403146266937
4498,0.10624463856220245
4499,0.10394221544265747
4500,0.10182937979698181
4501,0.09980466961860657
4502,0.09785886108875275
4503,0.09604039788246155
4504,0.09257690608501434
4505,0.0
4506,0.1451406031847
4507,0.07391182333230972
4508,0.03848319500684738
4509,0.27749204635620117
4510,0.35809946060180664
4511,0.037495534867048264
4512,0.22947072982788086
4513,0.037310659885406494
4514,0.037310659885406494
4515,0.03594697266817093
4516,0.0
4517,0.03636328876018524
4518,0.03577231243252754
4519,0.39101049304008484
4520,0.39388975501060486
4521,0.3970623016357422
4522,0.3096420168876648
4523,0.08315843343734741
4524,0.31511688232421875
4525,0.3177890181541443
4526,0.320284903049469
4527,0.28414878249168396
4528,0.09277115017175674
4529,0.10959877818822861
4530,0.11006703227758408
4531,0.11051762104034424
4532,0.1293558031320572
4533,0.12995433807373047
4534,0.11201541125774384
4535,0.11169186979532242
4536,0.1283549666404724
4537,0.12574435770511627
4538,0.10597537457942963
4539,0.12009961903095245
4540,0.10210798680782318
4541,0.06205414980649948
4542,0.06883975863456726
4543,0.0795663371682167
4544,0.07022157311439514
4545,0.08111191540956497
4546,0.07144218683242798
4547,0.07199178636074066
4548,0.07249502837657928
4549,0.0729384571313858
4550,0.07333726435899734
4551,0.06606732308864594
4552,0.07392564415931702
4553,0.07411577552556992
4554,0.0742429867386818
4555,0.074303537607193
4556,0.07430970668792725
4557,0.07427467405796051
4558,0.13972201943397522
4559,0.14029277861118317
4560,0.13757586479187012
4561,0.1393391638994217
4562,0.14103834331035614
4563,0.14230984449386597
4564,0.14283262193202972
4565,0.14298482239246368
4566,0.16347113251686096
4567,0.20503740012645721
4568,0.2050313502550125
4569,0.19389086961746216
4570,0.19382312893867493
4571,0.1937316358089447
4572,0.2515209913253784
4573,0.2383919358253479
4574,0.24063566327095032
4575,0.23965340852737427
4576,0.2060641199350357
4577,0.18621796369552612
4578,0.18529963493347168
4579,0.16955116391181946
4580,0.16794271767139435
4581,0.1662367880344391
4582,0.17952066659927368
4583,0.17838186025619507
4584,0.1772461235523224
4585,0.17610099911689758
4586,0.20002588629722595
4587,0.24518325924873352
4588,0.1925826072692871
4589,0.18612349033355713
4590,0.15998803079128265
4591,0.15254981815814972
4592,0.14369066059589386
4593,0.12413084506988525
4594,0.10656774789094925
4595,0.10453446954488754
4596,0.10633954405784607
4597,0.11804364621639252
4598,0.17909719049930573
4599,0.18241450190544128
4600,0.18556645512580872
4601,0.20446017384529114
4602,0.18935857713222504
4603,0.21831907331943512
4604,0.19149285554885864
4605,0.19139057397842407
4606,0.19144104421138763
4607,0.23458482325077057
4608,0.20924387872219086
4609,0.20493395626544952
4610,0.206776961684227
4611,0.21055465936660767
4612,0.26478344202041626
4613,0.2596651315689087
4614,0.34349310398101807
4615,0.34701189398765564
4616,0.35012319684028625
4617,0.35074904561042786
4618,0.30122414231300354
4619,0.3180884122848511
4620,0.34601837396621704
4621,0.3213096857070923
4622,0.32314199209213257
4623,0.3231748938560486
4624,0.41237881779670715
4625,0.3579934239387512
4626,0.30907776951789856
4627,0.3348720073699951
4628,0.2589626908302307
4629,0.3403371572494507
4630,0.34949666261672974
4631,0.33652403950691223
4632,0.2830028235912323
4633,0.3137396574020386
4634,0.31908750534057617
4635,0.282943457365036
4636,0.2865009903907776
4637,0.28162842988967896
4638,0.32403329014778137
4639,0.2899262011051178
4640,0.372676283121109
4641,0.3728759288787842
4642,0.2730374038219452
4643,0.27194809913635254
4644,0.2864780128002167
4645,0.3084779381752014
4646,0.3351243734359741
4647,0.29956260323524475
4648,0.3062862157821655
4649,0.23558494448661804
4650,0.29154452681541443
4651,0.37202125787734985
4652,0.48619067668914795
4653,0.4158371090888977
4654,0.3628944754600525
4655,0.3928258419036865
4656,0.372309148311615
4657,0.40375012159347534
4658,0.3991033732891083
4659,0.3665265440940857
4660,0.41150546073913574
4661,0.36533012986183167
4662,0.3057888448238373
4663,0.40785887837409973
4664,0.26871106028556824
4665,0.2490972876548767
4666,0.31509125232696533
4667,0.23488974571228027
4668,0.18987791240215302
4669,0.16852796077728271
4670,0.16464217007160187
4671,0.16651608049869537
4672,0.14745137095451355
4673,0.23015208542346954
4674,0.16683779656887054
4675,0.17165419459342957
4676,0.20945745706558228
4677,0.18063580989837646
4678,0.21710550785064697
4679,0.20681387186050415
4680,0.15886954963207245
4681,0.08995237201452255
4682,0.28582459688186646
4683,0.3913060426712036
4684,0.243740051984787
4685,0.3462406098842621
4686,0.33576440811157227
4687,0.353564590215683
4688,0.2806893289089203
4689,0.3946020305156708
4690,0.3455355167388916
4691,0.3464294373989105
4692,0.40665364265441895
4693,0.2734092175960541
4694,0.336650550365448
4695,0.2256704717874527
4696,0.4233860671520233
4697,0.43172481656074524
4698,0.33021536469459534
4699,0.3927184045314789
4700,0.2511860728263855
4701,0.22150129079818726
4702,0.20932626724243164
4703,0.2661902606487274
4704,0.11568757146596909
4705,0.3920418620109558
4706,0.37538930773735046
4707,0.42071282863616943
4708,0.43346720933914185
4709,0.5013530850410461
4710,0.43475285172462463
4711,0.41937604546546936
4712,0.41786307096481323
4713,0.4165387451648712
4714,0.42849111557006836
4715,0.33892667293548584
4716,0.41281256079673767
4717,0.34541943669319153
4718,0.4227137565612793
4719,0.39179885387420654
4720,0.39521270990371704
4721,0.40482327342033386
4722,0.3690004050731659
4723,0.3789701461791992
4724,0.37842151522636414
4725,0.37788182497024536
4726,0.3260852098464966
4727,0.26056766510009766
4728,0.3175821602344513
4729,0.2186543494462967
4730,0.26820021867752075
4731,0.24865218997001648
4732,0.29344403743743896
4733,0.28427815437316895
4734,0.24191585183143616
4735,0.29441043734550476
4736,0.3001839518547058
4737,0.2929536998271942
4738,0.30595487356185913
4739,0.34246280789375305
4740,0.34816548228263855
4741,0.28703737258911133
4742,0.28375044465065
4743,0.2524978816509247
4744,0.20661672949790955
4745,0.21533682942390442
4746,0.21678441762924194
4747,0.2124398648738861
4748,0.2531243562698364
4749,0.22210752964019775
4750,0.19864879548549652
4751,0.17160117626190186
4752,0.22348447144031525
4753,0.23978838324546814
4754,0.20088675618171692
4755,0.255296915769577
4756,0.25827398896217346
4757,0.2828870117664337
4758,0.2868744730949402
4759,0.29144445061683655
4760,0.29797524213790894
4761,0.30260810256004333
4762,0.30968964099884033
4763,0.31116557121276855
4764,0.2858695089817047
4765,0.3817773461341858
4766,0.2940012514591217
4767,0.38586103916168213
4768,0.4408453702926636
4769,0.3563419580459595
4770,0.3109029531478882
4771,0.387811541557312
4772,0.30570346117019653
4773,0.28057044744491577
4774,0.29225677251815796
4775,0.37615570425987244
4776,0.43932539224624634
4777,0.39748677611351013
4778,0.43194735050201416
4779,0.4085002839565277
4780,0.404449999332428
4781,0.31603285670280457
4782,0.17178788781166077
4783,0.3210933208465576
4784,0.23612500727176666
4785,0.17594581842422485
4786,0.2554165720939636
4787,0.20963017642498016
4788,0.20230801403522491
4789,0.2333870530128479
4790,0.19933119416236877
4791,0.21733462810516357
4792,0.20870046317577362
4793,0.19124439358711243
4794,0.24041421711444855
4795,0.23526450991630554
4796,0.17514607310295105
4797,0.15627513825893402
4798,0.17223450541496277
4799,0.17114481329917908
4800,0.15157438814640045
4801,0.14453363418579102
4802,0.28982043266296387
4803,0.2997893989086151
4804,0.30728888511657715
4805,0.34401819109916687
4806,0.3502595126628876
4807,0.3671928346157074
4808,0.3671928346157074
4809,0.3854708671569824
4810,0.3854708671569824
4811,0.3511897623538971
4812,0.38624703884124756
4813,0.37153804302215576
4814,0.3538031280040741
4815,0.3640385866165161
4816,0.38909712433815
4817,0.38854512572288513
4818,0.3557741343975067
4819,0.23640725016593933
4820,0.17396943271160126
4821,0.153672993183136
4822,0.34362077713012695
4823,0.42060744762420654
4824,0.4251726567745209
4825,0.44723373651504517
4826,0.3401269316673279
4827,0.4154997169971466
4828,0.23334641754627228
4829,0.3654537498950958
4830,0.3690378665924072
4831,0.3738538324832916
4832,0.380438894033432
4833,0.38734400272369385
4834,0.4013763964176178
4835,0.4130050241947174
4836,0.40242552757263184
4837,0.40002503991127014
4838,0.3974604308605194
4839,0.39460840821266174
4840,0.3383972644805908
4841,0.3931887149810791
4842,0.38969650864601135
4843,0.3860633969306946
4844,0.3561047315597534
4845,0.35502734780311584
4846,0.36210310459136963
4847,0.3613245487213135
4848,0.3566969633102417
4849,0.08781375735998154
4850,0.33608555793762207
4851,0.23619240522384644
4852,0.5718477964401245
4853,0.5699723958969116
4854,0.5250605940818787
4855,0.5663979649543762
4856,0.511504590511322
4857,0.48983055353164673
4858,0.4861527383327484
4859,0.5265780091285706
4860,0.527790904045105
4861,0.6251170039176941
4862,0.6065003275871277
4863,0.6065003275871277
4864,0.4886453151702881
4865,0.2835415303707123
4866,0.4123319983482361
4867,0.6318405866622925
4868,0.45669400691986084
4869,0.6009255051612854
4870,0.5750150084495544
4871,0.5733863115310669
4872,0.6207878589630127
4873,0.5609632730484009
4874,0.6086721420288086
4875,0.6748526096343994
4876,0.5271927714347839
4877,0.38789933919906616
4878,0.35227349400520325
4879,0.30764955282211304
4880,0.510132372379303
4881,0.5203384757041931
4882,0.3581240773200989
4883,0.5376043319702148
4884,0.5051944255828857
4885,0.4151173233985901
4886,0.2813677489757538
4887,0.22331170737743378
4888,0.2285299152135849
4889,0.22286581993103027
4890,0.21769766509532928
4891,0.19950330257415771
4892,0.1793546974658966
4893,0.12203234434127808
4894,0.2087201178073883
4895,0.2006421536207199
4896,0.24408704042434692
4897,0.24389347434043884
4898,0.24331584572792053
4899,0.2408752143383026
4900,0.2408752143383026
4901,0.2325432002544403
4902,0.2298727035522461
4903,0.226840078830719
4904,0.22382721304893494
4905,0.22060513496398926
4906,0.2173258662223816
4907,0.21621939539909363
4908,0.21139852702617645
4909,0.2057112753391266
4910,0.1993265599012375
4911,0.15585000813007355
4912,0.146402046084404
4913,0.15807074308395386
4914,0.11503889411687851
4915,0.09056775271892548
4916,0.08551935851573944
4917,0.14917853474617004
4918,0.12002898007631302
4919,0.1219504326581955
4920,0.035673998296260834
4921,0.0
4922,0.0
4923,0.0
4924,0.0
4925,0.0
4926,0.0
4927,0.0
4928,0.0
4929,0.0
4930,0.0
4931,0.0
4932,0.0
4933,0.0
4934,0.0
4935,0.036835927516222
4936,0.03707180172204971
4937,0.0
4938,0.0
4939,0.0
4940,0.0
4941,0.0
4942,0.0
4943,0.0
4944,0.0
4945,0.0
4946,0.05345675349235535
4947,0.1134544163942337
4948,0.11357681453227997
4949,0.11333674937486649
4950,0.10343298316001892
4951,0.1274191290140152
4952,0.1288539320230484
4953,0.12580467760562897
4954,0.10848579555749893
4955,0.10835631936788559
4956,0.10881534963846207
4957,0.10974874347448349
4958,0.1099550724029541
4959,0.11012318730354309
4960,0.11024872213602066
4961,0.11033359915018082
4962,0.1103830337524414
4963,0.11043160408735275
4964,0.11048612743616104
4965,0.11057528108358383
4966,0.11085010319948196
4967,0.29762277007102966
4968,0.2978594899177551
4969,0.11167794466018677
4970,0.11140080541372299
4971,0.2330365926027298
4972,0.2320408672094345
4973,0.2946949005126953
4974,0.2894943356513977
4975,0.13822878897190094
4976,0.13275335729122162
4977,0.11405476927757263
4978,0.14130401611328125
4979,0.2904505133628845
4980,0.10680022090673447
4981,0.09983491152524948
4982,0.14719723165035248
4983,0.14899671077728271
4984,0.11700852960348129
4985,0.1531543880701065
4986,0.15534698963165283
4987,0.1574588119983673
4988,0.08790261298418045
4989,0.11015542596578598
4990,0.16400264203548431
4991,0.16847939789295197
4992,0.1726916879415512
4993,0.17977961897850037
4994,0.18298901617527008
4995,0.17966365814208984
4996,0.1818220168352127
4997,0.19259968400001526
4998,0.1956116259098053
4999,0.19841428101062775
5000,0.1894523650407791
5001,0.1908728927373886
5002,0.1919650435447693
5003,0.19269943237304688
5004,0.14941813051700592
5005,0.2062675654888153
5006,0.20541708171367645
5007,0.20400243997573853
5008,0.2022683173418045
5009,0.20044218003749847
5010,0.15809085965156555
5011,0.15738235414028168
5012,0.13716447353363037
5013,0.13678735494613647
5014,0.13548597693443298
5015,0.13084456324577332
5016,0.1252848505973816
5017,0.21879148483276367
5018,0.22000575065612793
5019,0.22118163108825684
5020,0.17249153554439545
5021,0.1933935284614563
5022,0.1644771695137024
5023,0.19553063809871674
5024,0.10107512772083282
5025,0.14017131924629211
5026,0.14144834876060486
5027,0.14270326495170593
5028,0.14390484988689423
5029,0.14500071108341217
5030,0.31697797775268555
5031,0.40026140213012695
5032,0.31189414858818054
5033,0.3234389126300812
5034,0.2904207110404968
5035,0.4241940379142761
5036,0.4247928559780121
5037,0.49950236082077026
5038,0.49950236082077026
5039,0.5521399974822998
5040,0.5193979144096375
5041,0.5736408233642578
5042,0.5362316370010376
5043,0.5723836421966553
5044,0.5816717743873596
5045,0.6096542477607727
5046,0.6197908520698547
5047,0.5619077086448669
5048,0.5076360106468201
5049,0.5085055232048035
5050,0.4934101700782776
5051,0.5724552273750305
5052,0.5498250722885132
5053,0.5966504812240601
5054,0.46792513132095337
5055,0.5457621812820435
5056,0.37486588954925537
5057,0.3539005219936371
5058,0.19187334179878235
5059,0.24467603862285614
5060,0.24350833892822266
5061,0.46321019530296326
5062,0.4283677935600281
5063,0.47337451577186584
5064,0.46614357829093933
5065,0.4488714635372162
5066,0.4702824056148529
5067,0.5445908308029175
5068,0.4762405455112457
5069,0.32722073793411255
5070,0.6010233163833618
5071,0.41303113102912903
5072,0.2986021041870117
5073,0.3687119483947754
5074,0.3913187086582184
5075,0.25853630900382996
5076,0.3540706932544708
5077,0.32608240842819214
5078,0.31613853573799133
5079,0.33727243542671204
5080,0.29014432430267334
5081,0.3229132890701294
5082,0.2785833775997162
5083,0.2745440602302551
5084,0.26442304253578186
5085,0.20155662298202515
5086,0.2613513767719269
5087,0.25589945912361145
5088,0.23986349999904633
5089,0.25586581230163574
5090,0.21339444816112518
5091,0.2521265745162964
5092,0.23475809395313263
5093,0.254415363073349
5094,0.22827057540416718
5095,0.22874023020267487
5096,0.23398169875144958
5097,0.23686230182647705
5098,0.23208437860012054
5099,0.20713916420936584
5100,0.20161211490631104
5101,0.23596489429473877
5102,0.22352030873298645
5103,0.22291193902492523
5104,0.2262236326932907
5105,0.243948295712471
5106,0.2587204873561859
5107,0.3349505066871643
5108,0.2616640627384186
5109,0.3438705503940582
5110,0.3888184428215027
5111,0.38276517391204834
5112,0.37437909841537476
5113,0.37380433082580566
5114,0.39153552055358887
5115,0.4067592918872833
5116,0.3932613730430603
5117,0.47042831778526306
5118,0.44050395488739014
5119,0.3989839553833008
5120,0.40701282024383545
5121,0.379295289516449
5122,0.3455427587032318
5123,0.3538331687450409
5124,0.3509177565574646
5125,0.5481730699539185
5126,0.27760040760040283
5127,0.38588809967041016
5128,0.170761838555336
5129,0.3215228021144867
5130,0.3725605607032776
5131,0.15322642028331757
5132,0.17408502101898193
5133,0.16673673689365387
5134,0.18867433071136475
5135,0.21390987932682037
5136,0.20629267394542694
5137,0.2561039924621582
5138,0.19226345419883728
5139,0.23427140712738037
5140,0.277469277381897
5141,0.25088921189308167
5142,0.38219261169433594
5143,0.40129706263542175
5144,0.3953464925289154
5145,0.3970984220504761
5146,0.33938705921173096
5147,0.34770667552948
5148,0.3140456974506378
5149,0.3504571318626404
5150,0.3274981677532196
5151,0.30406925082206726
5152,0.2519296407699585
5153,0.32956209778785706
5154,0.31671807169914246
5155,0.22934477031230927
5156,0.3154524862766266
5157,0.27288001775741577
5158,0.24383951723575592
5159,0.16564223170280457
5160,0.2109117954969406
5161,0.24679282307624817
5162,0.2809232771396637
5163,0.29358258843421936
5164,0.2586650848388672
5165,0.2943549156188965
5166,0.2985324263572693
5167,0.2764897048473358
5168,0.2917692959308624
5169,0.3108636140823364
5170,0.38094770908355713
5171,0.23891185224056244
5172,0.41687363386154175
5173,0.4003342390060425
5174,0.46496501564979553
5175,0.43370890617370605
5176,0.4591975808143616
5177,0.4712364077568054
5178,0.511538565158844
5179,0.5008300542831421
5180,0.4803103804588318
5181,0.5125508308410645
5182,0.4987455904483795
5183,0.5206685066223145
5184,0.6533309817314148
5185,0.5090954303741455
5186,0.492308109998703
5187,0.5823361873626709
5188,0.5078710913658142
5189,0.434202641248703
5190,0.456053227186203
5191,0.49154719710350037
5192,0.5562679171562195
5193,0.4751443564891815
5194,0.4737841784954071
5195,0.49643412232398987
5196,0.5282824635505676
5197,0.49721091985702515
5198,0.4612688720226288
5199,0.4785732626914978
5200,0.46842479705810547
5201,0.46901047229766846
5202,0.46545645594596863
5203,0.4323972463607788
5204,0.41442862153053284
5205,0.4785870611667633
5206,0.4201177954673767
5207,0.36941421031951904
5208,0.2401525378227234
5209,0.33463701605796814
5210,0.29331138730049133
5211,0.44167283177375793
5212,0.40149882435798645
5213,0.39079734683036804
5214,0.4062873423099518
5215,0.3900311291217804
5216,0.32903432846069336
5217,0.3920944035053253
5218,0.33844026923179626
5219,0.33932438492774963
5220,0.30598101019859314
5221,0.25712722539901733
5222,0.2847316265106201
5223,0.23802459239959717
5224,0.18486236035823822
5225,0.17177246510982513
5226,0.16093602776527405
5227,0.17207735776901245
5228,0.17645877599716187
5229,0.16822870075702667
5230,0.16432859003543854
5231,0.17310574650764465
5232,0.14609146118164062
5233,0.1459088921546936
5234,0.1464768350124359
5235,0.14312145113945007
5236,0.17369920015335083
5237,0.17421285808086395
5238,0.1416856199502945
5239,0.16828058660030365
5240,0.20052112638950348
5241,0.1769721508026123
5242,0.2193605601787567
5243,0.11832001805305481
5244,0.18879637122154236
5245,0.1752626895904541
5246,0.1970302164554596
5247,0.22521336376667023
5248,0.21079227328300476
5249,0.1858043521642685
5250,0.19566462934017181
5251,0.2186809927225113
5252,0.16439934074878693
5253,0.2367100715637207
5254,0.2425946295261383
5255,0.2706942558288574
5256,0.3176003098487854
5257,0.24493356049060822
5258,0.3034802973270416
5259,0.3051716089248657
5260,0.2758035957813263
5261,0.2545328736305237
5262,0.27600526809692383
5263,0.24283932149410248
5264,0.28178688883781433
5265,0.24380557239055634
5266,0.24448035657405853
5267,0.2450207620859146
5268,0.2516159415245056
5269,0.22730115056037903
5270,0.2543494999408722
5271,0.2551545798778534
5272,0.23110756278038025
5273,0.25377243757247925
5274,0.19907914102077484
5275,0.21356451511383057
5276,0.19986124336719513
5277,0.18752899765968323
5278,0.15841439366340637
5279,0.14189176261425018
5280,0.15422677993774414
5281,0.17525866627693176
5282,0.18349094688892365
5283,0.17523102462291718
5284,0.20842765271663666
5285,0.20512087643146515
5286,0.1774245649576187
5287,0.21865251660346985
5288,0.07747174054384232
5289,0.08352880924940109
5290,0.18330180644989014
5291,0.12117557972669601
5292,0.17068052291870117
5293,0.21176546812057495
5294,0.16660387814044952
5295,0.14860942959785461
5296,0.16180740296840668
5297,0.15902377665042877
5298,0.15590201318264008
5299,0.2199394702911377
5300,0.18903781473636627
5301,0.2744266390800476
5302,0.31591349840164185
5303,0.377653568983078
5304,0.31587398052215576
5305,0.41461876034736633
5306,0.469899445772171
5307,0.44371622800827026
5308,0.4307555854320526
5309,0.35915911197662354
5310,0.2709088623523712
5311,0.35871270298957825
5312,0.2572977840900421
5313,0.3043203055858612
5314,0.2573879659175873
5315,0.22606423497200012
5316,0.27475985884666443
5317,0.24071598052978516
5318,0.27495208382606506
5319,0.27500250935554504
5320,0.14313292503356934
5321,0.142974853515625
5322,0.16943204402923584
5323,0.09327429533004761
5324,0.17511995136737823
5325,0.12109629809856415
5326,0.11002349853515625
5327,0.11913993954658508
5328,0.10325360298156738
5329,0.08964637666940689
5330,0.23637431859970093
5331,0.3230770230293274
5332,0.09310952574014664
5333,0.2357577085494995
5334,0.14439666271209717
5335,0.15068502724170685
5336,0.1459273099899292
5337,0.14647644758224487
5338,0.14033859968185425
5339,0.16156654059886932
5340,0.17755675315856934
5341,0.12775437533855438
5342,0.12293148040771484
5343,0.1638612002134323
5344,0.16393601894378662
5345,0.16417929530143738
5346,0.16408082842826843
5347,0.20405533909797668
5348,0.12274207174777985
5349,0.186191588640213
5350,0.22413526475429535
5351,0.22319428622722626
5352,0.22112515568733215
5353,0.11689796298742294
5354,0.12466835230588913
5355,0.07701487094163895
5356,0.12049946188926697
5357,0.11256351321935654
5358,0.08868216723203659
5359,0.08277169615030289
5360,0.07072724401950836
5361,0.09242567420005798
5362,0.0901060625910759
5363,0.0726972371339798
5364,0.07072144746780396
5365,0.06769309192895889
5366,0.07826586812734604
5367,0.09645840525627136
5368,0.09662522375583649
5369,0.07290388643741608
5370,0.08807434141635895
5371,0.09358145296573639
5372,0.09264220297336578
5373,0.06005319952964783
5374,0.06350409239530563
5375,0.06196374446153641
5376,0.0621848963201046
5377,0.10558036714792252
5378,0.11538965255022049
5379,0.13972418010234833
5380,0.1477571725845337
5381,0.15436477959156036
5382,0.1518622487783432
5383,0.1913321316242218
5384,0.21694207191467285
5385,0.15594889223575592
5386,0.1956520974636078
5387,0.06342292577028275
5388,0.062141068279743195
5389,0.071799136698246
5390,0.07982978969812393
5391,0.14338885247707367
5392,0.14881904423236847
5393,0.18391340970993042
5394,0.1853274703025818
5395,0.15230059623718262
5396,0.16040398180484772
5397,0.19936014711856842
5398,0.16050195693969727
5399,0.1554955542087555
5400,0.19913505017757416
5401,0.19873127341270447
5402,0.1680251806974411
5403,0.20579874515533447
5404,0.21383136510849
5405,0.13009777665138245
5406,0.2017526924610138
5407,0.08325279504060745
5408,0.1356309950351715
5409,0.10357049852609634
5410,0.09047935158014297
5411,0.08072679489850998
5412,0.07249564677476883
5413,0.05818694829940796
5414,0.07853084802627563
5415,0.06975485384464264
5416,0.07497750222682953
5417,0.13101781904697418
5418,0.1627601832151413
5419,0.13290846347808838
5420,0.29294613003730774
5421,0.17946690320968628
5422,0.13206762075424194
5423,0.22436819970607758
5424,0.2438986599445343
5425,0.12199898064136505
5426,0.1315813809633255
5427,0.1303451955318451
5428,0.1505011022090912
5429,0.2279883623123169
5430,0.06914383918046951
5431,0.1935950219631195
5432,0.07144109904766083
5433,0.19513829052448273
5434,0.08587334305047989
5435,0.17803458869457245
5436,0.057147011160850525
5437,0.054826006293296814
5438,0.060740090906620026
5439,0.060283999890089035
5440,0.05983444303274155
5441,0.05918114259839058
5442,0.05938514694571495
5443,0.05883605033159256
5444,0.05809972062706947
5445,0.10414044559001923
5446,0.05724940821528435
5447,0.05625569820404053
5448,0.0559365451335907
5449,0.06013140082359314
5450,0.04065308719873428
5451,0.056123752146959305
5452,0.04142605885863304
5453,0.05561119318008423
5454,0.03925878182053566
5455,0.042724352329969406
5456,0.06747552752494812
5457,0.0676371306180954
5458,0.04019036516547203
5459,0.03859270364046097
5460,0.0694589912891388
5461,0.04229764640331268
5462,0.08921828120946884
5463,0.045305389910936356
5464,0.05183414742350578
5465,0.22476564347743988
5466,0.22473852336406708
5467,0.07535316050052643
5468,0.2840934693813324
5469,0.31389766931533813
5470,0.3258659541606903
5471,0.342337429523468
5472,0.33036670088768005
5473,0.31076955795288086
5474,0.31381115317344666
5475,0.30240505933761597
5476,0.22750401496887207
5477,0.39641353487968445
5478,0.19515620172023773
5479,0.4274904429912567
5480,0.3901943266391754
5481,0.46110495924949646
5482,0.3655562996864319
5483,0.4480268657207489
5484,0.474847674369812
5485,0.4493221640586853
5486,0.4279572665691376
5487,0.6240988373756409
5488,0.5862746834754944
5489,0.47559642791748047
5490,0.616131067276001
5491,0.35416945815086365
5492,0.274604469537735
5493,0.2751820683479309
5494,0.2084135264158249
5495,0.35416939854621887
5496,0.0750732272863388
5497,0.3001982569694519
5498,0.09500912576913834
5499,0.06631368398666382
5500,0.1557469666004181
5501,0.24182970821857452
5502,0.24182970821857452
5503,0.25791558623313904
5504,0.25791558623313904
5505,0.360116183757782
5506,0.360116183757782
5507,0.30604252219200134
5508,0.3217909336090088
5509,0.45659366250038147
5510,0.47840359807014465
5511,0.24655339121818542
5512,0.37706124782562256
5513,0.22549912333488464
5514,0.43972405791282654
5515,0.3134455680847168
5516,0.3180040121078491
5517,0.5146799683570862
5518,0.5223342776298523
5519,0.47164851427078247
5520,0.5738168954849243
5521,0.5736753344535828
5522,0.5731185674667358
5523,0.46206748485565186
5524,0.4457038938999176
5525,0.21955211460590363
5526,0.5700221657752991
5527,0.5589784383773804
5528,0.596957802772522
5529,0.29052770137786865
5530,0.3195454776287079
5531,0.48195135593414307
5532,0.38157713413238525
5533,0.35416939854621887
5534,0.2745455503463745
5535,0.43381479382514954
5536,0.5634257793426514
5537,0.47576904296875
5538,0.035673994570970535
5539,0.9495955109596252
5540,0.9495955109596252
5541,0.0
5542,0.0
5543,0.0
5544,0.0
5545,0.0
5546,1.0
5547,0.0
5548,0.0
5549,0.0
5550,0.0
5551,0.0
5552,0.17933392524719238
5553,0.4797496795654297
5554,0.4797496795654297
5555,0.4797496795654297
5556,0.5052475333213806
5557,0.3431520462036133
5558,0.20976999402046204
5559,0.1722135841846466
5560,0.1640252023935318
5561,0.21948686242103577
5562,0.21658781170845032
5563,0.21399688720703125
5564,0.19399747252464294
5565,0.21548637747764587
5566,0.23359781503677368
5567,0.18319593369960785
5568,0.17679519951343536
5569,0.16471262276172638
5570,0.18856100738048553
5571,0.24523627758026123
5572,0.25498175621032715
5573,0.19269196689128876
5574,0.19338934123516083
5575,0.2007756382226944
5576,0.2129719853401184
5577,0.1923893243074417
5578,0.21008720993995667
5579,0.2069910317659378
5580,0.21421551704406738
5581,0.17092746496200562
5582,0.10202674567699432
5583,0.16341106593608856
5584,0.13500277698040009
5585,0.08732063323259354
5586,0.0831536203622818
5587,0.05558037385344505
5588,0.08810532838106155
5589,0.08557804673910141
5590,0.09051737189292908
5591,0.08890317380428314
5592,0.08142038434743881
5593,0.08060071617364883
5594,0.08581672608852386
5595,0.07953845709562302
5596,0.07921058684587479
5597,0.0789688304066658
5598,0.08809901773929596
5599,0.08809446543455124
5600,0.07870547473430634
5601,0.08792471885681152
5602,0.1934528946876526
5603,0.19331705570220947
5604,0.1407080590724945
5605,0.13433071970939636
5606,0.13433249294757843
5607,0.1343286782503128
5608,0.23473908007144928
5609,0.22793792188167572
5610,0.19610603153705597
5611,0.25830134749412537
5612,0.21917717158794403
5613,0.17985373735427856
5614,0.19375404715538025
5615,0.10862651467323303
5616,0.10095800459384918
5617,0.0714760571718216
5618,0.06393863260746002
5619,0.07302495092153549
5620,0.08492802083492279
5621,0.11135892570018768
5622,0.14421702921390533
5623,0.07406844943761826
5624,0.07152644544839859
5625,0.07127580791711807
5626,0.07013509422540665
5627,0.07023798674345016
5628,0.1815049946308136
5629,0.1533539593219757
5630,0.15173591673374176
5631,0.20636309683322906
5632,0.21267375349998474
5633,0.20649971067905426
5634,0.18825651705265045
5635,0.12948420643806458
5636,0.13291139900684357
5637,0.1034606471657753
5638,0.10743608325719833
5639,0.15665987133979797
5640,0.13148415088653564
5641,0.14900486171245575
5642,0.05722808837890625
5643,0.1169654056429863
5644,0.18197089433670044
5645,0.07003732770681381
5646,0.055696677416563034
5647,0.0693337693810463
5648,0.20309321582317352
5649,0.20307610929012299
5650,0.06544706970453262
5651,0.06801162660121918
5652,0.06812456250190735
5653,0.06798258423805237
5654,0.0730571374297142
5655,0.07333202660083771
5656,0.0713443011045456
5657,0.06514398753643036
5658,0.06181703880429268
5659,0.07439054548740387
5660,0.07465938478708267
5661,0.07491444051265717
5662,0.07030504196882248
5663,0.07059900462627411
5664,0.07089977711439133
5665,0.18120424449443817
5666,0.09543149918317795
5667,0.16508890688419342
5668,0.29475489258766174
5669,0.22536662220954895
5670,0.2063627690076828
5671,0.25524428486824036
5672,0.2590140998363495
5673,0.2469475120306015
5674,0.24674199521541595
5675,0.2648635804653168
5676,0.2776004374027252
5677,0.26120567321777344
5678,0.2408525049686432
5679,0.28354528546333313
5680,0.2559363842010498
5681,0.2457653284072876
5682,0.2790118455886841
5683,0.2772565186023712
5684,0.23491637408733368
5685,0.23295922577381134
5686,0.13128440082073212
5687,0.1577489823102951
5688,0.1576651930809021
5689,0.15757666528224945
5690,0.09484586119651794
5691,0.15393131971359253
5692,0.15382973849773407
5693,0.15372255444526672
5694,0.15360307693481445
5695,0.15348230302333832
5696,0.15334749221801758
5697,0.151910662651062
5698,0.140904501080513
5699,0.1500430405139923
5700,0.14868050813674927
5701,0.14682091772556305
5702,0.1375860571861267
5703,0.1359945833683014
5704,0.14417922496795654
5705,0.134150892496109
5706,0.13418540358543396
5707,0.14439837634563446
5708,0.1357704997062683
5709,0.12752674520015717
5710,0.13010886311531067
5711,0.15852497518062592
5712,0.22971296310424805
5713,0.38502979278564453
5714,0.40517812967300415
5715,0.41368117928504944
5716,0.39386066794395447
5717,0.3996414542198181
5718,0.4040248990058899
5719,0.3769896924495697
5720,0.3907510042190552
5721,0.35441210865974426
5722,0.3476475179195404
5723,0.37368643283843994
5724,0.3767431378364563
5725,0.3814656734466553
5726,0.3578747510910034
5727,0.3788820803165436
5728,0.3783549666404724
5729,0.36046138405799866
5730,0.3600352108478546
5731,0.3421087861061096
5732,0.33731013536453247
5733,0.2854580581188202
5734,0.2888641953468323
5735,0.2906222939491272
5736,0.29075759649276733
5737,0.2939511835575104
5738,0.3028516471385956
5739,0.30321764945983887
5740,0.3042040765285492
5741,0.30561119318008423
5742,0.3070954978466034
5743,0.26809653639793396
5744,0.2706954777240753
5745,0.27119675278663635
5746,0.25640609860420227
5747,0.32585927844047546
5748,0.3197816014289856
5749,0.19138188660144806
5750,0.3222721517086029
5751,0.32260873913764954
5752,0.294351190328598
5753,0.2999591827392578
5754,0.3670886158943176
5755,0.3088354170322418
5756,0.21960802376270294
5757,0.2683091163635254
5758,0.39139750599861145
5759,0.303801029920578
5760,0.31458380818367004
5761,0.31060367822647095
5762,0.34553688764572144
5763,0.3103853762149811
5764,0.3712708055973053
5765,0.3235790729522705
5766,0.3214111328125
5767,0.3118751347064972
5768,0.2583760619163513
5769,0.2864101529121399
5770,0.24531880021095276
5771,0.2537789046764374
5772,0.23303313553333282
5773,0.24227434396743774
5774,0.2286880910396576
5775,0.2160452902317047
5776,0.18178433179855347
5777,0.2155270278453827
5778,0.22029177844524384
5779,0.14934900403022766
5780,0.1470113843679428
5781,0.10132136195898056
5782,0.07626952975988388
5783,0.05348348990082741
5784,0.07520027458667755
5785,0.0746808797121048
5786,0.07410024106502533
5787,0.07347938418388367
5788,0.0728088989853859
5789,0.07211621105670929
5790,0.08473746478557587
5791,0.10335680097341537
5792,0.10447562485933304
5793,0.10446623712778091
5794,0.1309993714094162
5795,0.1139933317899704
5796,0.18333415687084198
5797,0.1898747682571411
5798,0.1737099438905716
5799,0.16363957524299622
5800,0.1669757217168808
5801,0.17006373405456543
5802,0.17254731059074402
5803,0.17364752292633057
5804,0.16663676500320435
5805,0.18481484055519104
5806,0.15587635338306427
5807,0.17381657660007477
5808,0.1654418557882309
5809,0.16076336801052094
5810,0.12165578454732895
5811,0.1351110190153122
5812,0.13628409802913666
5813,0.1732577532529831
5814,0.18158379197120667
5815,0.1438142955303192
5816,0.1474340558052063
5817,0.1508224904537201
5818,0.15263697504997253
5819,0.1518435776233673
5820,0.15961888432502747
5821,0.1441173553466797
5822,0.1460191011428833
5823,0.18584752082824707
5824,0.14351913332939148
5825,0.20532351732254028
5826,0.1893341988325119
5827,0.19188456237316132
5828,0.19238607585430145
5829,0.2553043067455292
5830,0.19694021344184875
5831,0.19749684631824493
5832,0.1382705569267273
5833,0.19905593991279602
5834,0.20049843192100525
5835,0.2037360519170761
5836,0.19900931417942047
5837,0.17485056817531586
5838,0.15008224546909332
5839,0.1323755532503128
5840,0.13506720960140228
5841,0.143428236246109
5842,0.12732625007629395
5843,0.10978341102600098
5844,0.12365882843732834
5845,0.09997352957725525
5846,0.09573707729578018
5847,0.14215326309204102
5848,0.1753103882074356
5849,0.2115238457918167
5850,0.21674804389476776
5851,0.09051090478897095
5852,0.1546183079481125
5853,0.21073997020721436
5854,0.17162609100341797
5855,0.21252158284187317
5856,0.21314965188503265
5857,0.32421010732650757
5858,0.27882882952690125
5859,0.32653167843818665
5860,0.25499817728996277
5861,0.3161317706108093
5862,0.3472706377506256
5863,0.2639203667640686
5864,0.297166109085083
5865,0.34719574451446533
5866,0.2970145046710968
5867,0.2085564136505127
5868,0.2237125188112259
5869,0.19699621200561523
5870,0.17266973853111267
5871,0.22339528799057007
5872,0.21857798099517822
5873,0.21320468187332153
5874,0.2554391920566559
5875,0.18766745924949646
5876,0.1665145456790924
5877,0.1650254875421524
5878,0.16456782817840576
5879,0.1654752790927887
5880,0.1513512134552002
5881,0.0880473256111145
5882,0.08826082944869995
5883,0.08846292644739151
5884,0.23903319239616394
5885,0.24084508419036865
5886,0.24197152256965637
5887,0.23388883471488953
5888,0.20052553713321686
5889,0.20077303051948547
5890,0.2010708898305893
5891,0.20142997801303864
5892,0.19699245691299438
5893,0.3082957863807678
5894,0.30967822670936584
5895,0.31037577986717224
5896,0.31052732467651367
5897,0.31028324365615845
5898,0.23903222382068634
5899,0.23798727989196777
5900,0.236398845911026
5901,0.19822953641414642
5902,0.15019164979457855
5903,0.21599872410297394
5904,0.21364372968673706
5905,0.1956672966480255
5906,0.14019674062728882
5907,0.2073533684015274
5908,0.20868290960788727
5909,0.20995628833770752
5910,0.2093643993139267
5911,0.1883518099784851
5912,0.20733897387981415
5913,0.20146822929382324
5914,0.11339209973812103
5915,0.1095908060669899
5916,0.11507127434015274
5917,0.11295600235462189
5918,0.11178891360759735
5919,0.13181112706661224
5920,0.13207921385765076
5921,0.1383139193058014
5922,0.10046882182359695
5923,0.1733490228652954
5924,0.171173557639122
5925,0.17945408821105957
5926,0.17147910594940186
5927,0.14385603368282318
5928,0.1865571290254593
5929,0.22985656559467316
5930,0.24410049617290497
5931,0.20662900805473328
5932,0.2013036012649536
5933,0.24574346840381622
5934,0.22385039925575256
5935,0.2166309952735901
5936,0.2440890073776245
5937,0.2500784993171692
5938,0.259115070104599
5939,0.3100956082344055
5940,0.4217044413089752
5941,0.42470502853393555
5942,0.4273328483104706
5943,0.43099069595336914
5944,0.4307778477668762
5945,0.4420486092567444
5946,0.44174322485923767
5947,0.42032283544540405
5948,0.4402342736721039
5949,0.47756025195121765
5950,0.48049017786979675
5951,0.4781290590763092
5952,0.47537726163864136
5953,0.44030067324638367
5954,0.4373660385608673
5955,0.46792832016944885
5956,0.46583092212677
5957,0.46401748061180115
5958,0.3771950900554657
5959,0.35781458020210266
5960,0.4326011836528778
5961,0.42152586579322815
5962,0.4753464162349701
5963,0.36124560236930847
5964,0.17461563646793365
5965,0.28641411662101746
5966,0.1972355991601944
5967,0.07518620043992996
5968,0.16802816092967987
5969,0.42733365297317505
5970,0.38357406854629517
5971,0.32755592465400696
5972,0.2008967250585556
5973,0.061823125928640366
5974,0.6869919896125793
5975,0.6867110133171082
5976,0.6864428520202637
5977,0.5235512256622314
5978,0.48536720871925354
5979,0.14811107516288757
5980,0.09877602756023407
5981,0.09841883927583694
5982,0.09807246178388596
5983,0.09773719310760498
5984,0.162820965051651
5985,0.14966125786304474
5986,0.12474805116653442
5987,0.1271834671497345
5988,0.13921286165714264
5989,0.1386585682630539
5990,0.1383541375398636
5991,0.14324238896369934
5992,0.08483225107192993
5993,0.15583495795726776
5994,0.1314077377319336
5995,0.15212443470954895
5996,0.03567399084568024
